INSERT INTO Users (Email, Username, Password, RegistrationDate) VALUES
('lisa.garcia34@example.com', 'lisa_garcia84', '3MKqj)gu$0', '2020-07-14'),
('crystal.johnson75@example.com', 'crystal_johnson74', 'n&11pLtx9m', '2022-02-04'),
('jessica.young30@example.com', 'jessica_young93', '^9)DmPHlSp', '2023-09-06'),
('richard.ruiz7@example.com', 'richard_ruiz75', '$5cQBs#nW8', '2022-05-25'),
('sharon.villarreal62@example.com', 'sharon_villarreal22', 'o)1M7FcXg^', '2021-11-08'),
('james.richard68@example.com', 'james_richard81', 'NSc_%Mha(4', '2021-08-23'),
('stacey.johnson93@example.com', 'stacey_johnson80', 'DX31EJkN3+', '2021-06-09'),
('danny.moody49@example.com', 'danny_moody19', 'x+ivS%ht)9', '2021-05-23'),
('mario.snyder88@example.com', 'mario_snyder32', 'b41qpSj6$P', '2025-01-02'),
('michelle.hill5@example.com', 'michelle_hill74', '%2HDvmtDxc', '2023-05-23'),
('stephanie.perry90@example.com', 'stephanie_perry15', 'R(22UfUp@l', '2024-06-12'),
('katelyn.taylor25@example.com', 'katelyn_taylor3', 'WI+n9XSu0(', '2024-11-24'),
('lisa.murphy57@example.com', 'lisa_murphy41', '7(7$84Ng62', '2023-02-25'),
('diane.dillon54@example.com', 'diane_dillon20', '#@k5FZpzNw', '2023-04-18'),
('andres.sosa53@example.com', 'andres_sosa89', 'JVRENYxF&1', '2020-09-26'),
('alfred.wilson27@example.com', 'alfred_wilson53', '959fMrEy9+', '2021-10-24'),
('garrett.diaz65@example.com', 'garrett_diaz79', 'I&49^MJkT6', '2025-01-01'),
('jessica.butler61@example.com', 'jessica_butler95', 'K0OynUJy(A', '2022-08-12'),
('eric.jimenez94@example.com', 'eric_jimenez8', '!ynrA7PlVL', '2023-10-05'),
('jessica.preston91@example.com', 'jessica_preston18', 'm246DI!lF!', '2022-01-18'),
('danielle.morales67@example.com', 'danielle_morales27', 'U(C0XwqP!&', '2023-07-15'),
('rebecca.rogers72@example.com', 'rebecca_rogers42', 'b7UHszh&)J', '2021-04-15'),
('charles.faulkner85@example.com', 'charles_faulkner62', 'n968++Nl(z', '2022-04-30'),
('amanda.huff68@example.com', 'amanda_huff49', 'V7$EIGxj+y', '2021-01-16'),
('vanessa.wiggins41@example.com', 'vanessa_wiggins23', '856_AAam2#', '2024-08-08'),
('isabella.snyder59@example.com', 'isabella_snyder69', 'Zg^56tLb+5', '2021-01-10'),
('rebecca.berry44@example.com', 'rebecca_berry70', '$FRt2QCy!7', '2021-05-27'),
('victoria.salazar46@example.com', 'victoria_salazar87', 'N9vrY6sP^Y', '2022-09-30'),
('casey.hall99@example.com', 'casey_hall93', 'Sg7ia4Dnt%', '2022-12-02'),
('paige.mcdonald88@example.com', 'paige_mcdonald83', 'i%PyAzyV_8', '2021-12-18'),
('micheal.fernandez89@example.com', 'micheal_fernandez34', 'gMa$4B&m&7', '2022-07-22'),
('christy.miller79@example.com', 'christy_miller62', '@GXOiIeu+4', '2022-06-18'),
('juan.garrett25@example.com', 'juan_garrett32', 'c5G*7lK@_v', '2023-06-08'),
('diana.wyatt36@example.com', 'diana_wyatt72', 'Ku4oEk!TS_', '2024-09-30'),
('angel.salas39@example.com', 'angel_salas29', 'U7^5NlewcP', '2024-03-16'),
('jocelyn.daniels39@example.com', 'jocelyn_daniels99', '$U344UvgxY', '2024-01-06'),
('jeanne.moore37@example.com', 'jeanne_moore91', '774LaU2Y1&', '2022-04-13'),
('brenda.ashley27@example.com', 'brenda_ashley89', '(kQ64k+cu8', '2024-01-14'),
('luis.evans91@example.com', 'luis_evans63', 'qPay56Ysi&', '2020-07-08'),
('briana.dickson41@example.com', 'briana_dickson62', 'QM14XcpZr@', '2022-02-20'),
('natasha.wheeler45@example.com', 'natasha_wheeler72', '9cVG(yF8#4', '2025-03-24'),
('holly.rush93@example.com', 'holly_rush36', 'O@2KKpopLq', '2022-08-06'),
('thomas.wong37@example.com', 'thomas_wong16', 'w(y!7GvwJ@', '2021-08-16'),
('anthony.dominguez74@example.com', 'anthony_dominguez87', '*8tOj0iL60', '2021-06-28'),
('ashley.alvarez70@example.com', 'ashley_alvarez49', '9eCZiR9w+6', '2021-11-29'),
('katrina.hall51@example.com', 'katrina_hall45', '(wJg&KiD6k', '2023-07-13'),
('lisa.carter99@example.com', 'lisa_carter19', 'nLnH!2Ne@a', '2021-07-13'),
('james.sanders38@example.com', 'james_sanders6', 'k6TcvxY8^u', '2020-10-17'),
('travis.lewis37@example.com', 'travis_lewis92', 'vtT%pxmV#1', '2025-05-18'),
('jamie.blair11@example.com', 'jamie_blair45', '9s8xnCnro%', '2023-08-08');

INSERT INTO Customers (UserID, Address) VALUES
(11, '8272 Wells Burgs, Margaretview, MA 62744'),
(12, '80324 Emily Mountain Apt. 567, West Tarabury, WI 41549'),
(13, '30493 Glenda Ridge, Smithtown, NV 84073'),
(14, '096 John Throughway Suite 956, Lake Jonathanberg, ND 15191'),
(15, '3539 Tanya Walks, Port Paul, OH 33310'),
(16, '92632 Holly Mill, New Daniel, UT 19078'),
(17, '598 Jason Landing, East John, MA 03330'),
(18, 'Unit 8067 Box 1819, DPO AA 05355'),
(19, '342 Wilson Trail Suite 964, South Jasonmouth, CA 80125'),
(20, '92812 Emily Motorway Apt. 791, Stephanieburgh, NY 04947'),
(21, '846 Green Burg, Richardfort, TN 73363'),
(22, '16313 Tina Row, East Carol, AK 66529'),
(23, '504 Kimberly Brooks Apt. 724, Elizabethtown, AL 82326'),
(24, '1483 Castro Trail, Davisport, MN 31777'),
(25, '98901 Lisa Lakes Apt. 603, Gordonborough, AK 91049'),
(26, '19448 Baker Harbors Suite 500, Gonzaleztown, MO 84487'),
(27, '680 Amber Creek, Kathrynfort, NC 69533'),
(28, '40645 John Squares, Portermouth, MO 09429'),
(29, '6806 Graham Gardens, East Angela, NM 08386'),
(30, '342 Snyder Mission Apt. 416, West Williamchester, HI 41763'),
(31, '47217 Nancy Run Apt. 016, South Jerryview, DE 20543'),
(32, '74465 Haney Inlet Apt. 598, New Larryborough, OH 17915'),
(33, '090 Gutierrez Hill Suite 107, Cynthiabury, HI 12432'),
(34, '44768 Alyssa Roads Suite 348, Downshaven, MI 64244'),
(35, '9096 Juan Heights, Bradyberg, IA 29182'),
(36, '2326 Chambers Brooks Suite 076, South Nicoleport, AZ 30335'),
(37, '5406 Stephanie Parkways Suite 132, Tanyabury, LA 72339'),
(38, '58939 Linda Drive, Priceside, MN 90452'),
(39, '902 Collins Plains Suite 754, Tamarachester, AR 40696'),
(40, '60645 Swanson Mountain Apt. 753, New George, PA 41913'),
(41, '01663 Fischer Hill Suite 395, Courtneyhaven, LA 73393'),
(42, '4796 James Greens, New Stephanie, MA 29861'),
(43, 'PSC 9767, Box 4088, APO AE 75459'),
(44, '822 Rivera Brooks Suite 576, Joseville, HI 39583'),
(45, '9729 Dana Circles Suite 409, South Rhonda, AZ 15544'),
(46, '213 Justin Heights Suite 489, Port Johnfort, NE 49421'),
(47, '66486 Rodriguez Springs Apt. 601, Danielside, GA 51229'),
(48, '9557 Alison Mall, East Sarah, VT 52740'),
(49, '6766 Kenneth Crossroad, Lake Haley, OK 22981'),
(50, '511 Michele Cape, Lake Debbie, OK 28685'),
(51, '14195 Bryant Mountain, East Reginaldchester, SD 87371'),
(52, '166 Wall Bridge Suite 718, North Kelly, AZ 17744'),
(53, '83548 Lisa Canyon, Kristenberg, TN 67939'),
(54, '4615 Simpson Ferry Suite 346, Danamouth, TX 71329'),
(55, '0279 Estrada Forest Suite 594, Lanceside, CT 40245'),
(56, 'Unit 3961 Box 6770, DPO AA 11898'),
(57, '598 Hoover Pines Suite 602, Lucasport, WY 31438'),
(58, '492 Cynthia Place Apt. 294, North Edward, DE 73038'),
(59, '945 Elizabeth Harbor Suite 851, Christopherchester, DC 48400'),
(60, '6487 Rhodes Islands Apt. 076, Larryfurt, DE 18521');

INSERT INTO Products (Name, Description, Category, Cost, MSRP, StockQuantity) VALUES
('Teacher Item', 'A unique teacher item for various uses.', 'Clothing', 166.45, 258.41, 153),
('Argue Shirt', 'Comfortable and stylish argue shirt.', 'Electronics', 125.06, 245.48, 72),
('Beat Gadget', 'A state-of-the-art beat gadget for your needs.', 'Other', 49.01, 73.65, 35),
('Thousand Item', 'A unique thousand item for various uses.', 'Clothing', 6.01, 11.51, 50),
('Another Item', 'A unique another item for various uses.', 'Home', 67.63, 137.94, 32),
('Recognize Shirt', 'Comfortable and stylish recognize shirt.', 'Other', 149.04, 343.6, 19),
('Attention Item', 'A unique attention item for various uses.', 'Books', 158.65, 228.81, 84),
('Class Gadget', 'A state-of-the-art class gadget for your needs.', 'Electronics', 63.19, 125.34, 95),
('Story Item', 'A unique story item for various uses.', 'Books', 178.41, 245.22, 139),
('Product Item', 'A unique product item for various uses.', 'Home', 36.69, 65.92, 75),
('Manager Decor', 'Perfect manager decor to enhance your home.', 'Home', 115.72, 252.79, 54),
('Market Item', 'A unique market item for various uses.', 'Home', 21.91, 45.35, 57),
('Sell Decor', 'Perfect sell decor to enhance your home.', 'Clothing', 6.33, 10.75, 124),
('Safe Decor', 'Perfect safe decor to enhance your home.', 'Other', 145.96, 177.32, 177),
('If Shirt', 'Comfortable and stylish if shirt.', 'Electronics', 135.22, 244.07, 50),
('Attorney Decor', 'Perfect attorney decor to enhance your home.', 'Electronics', 129.55, 313.88, 104),
('True Shirt', 'Comfortable and stylish true shirt.', 'Clothing', 191.69, 349.19, 126),
('Southern Item', 'A unique southern item for various uses.', 'Books', 152.68, 342.4, 65),
('Wish Item', 'A unique wish item for various uses.', 'Books', 107.99, 180.38, 154),
('Experience Gadget', 'A state-of-the-art experience gadget for your needs.', 'Electronics', 166.61, 395.49, 61),
('Commercial Item', 'A unique commercial item for various uses.', 'Home', 171.62, 304.52, 184),
('Forward Item', 'A unique forward item for various uses.', 'Other', 91.87, 116.89, 43),
('Key Item', 'A unique key item for various uses.', 'Electronics', 113.97, 236.44, 88),
('My Gadget', 'A state-of-the-art my gadget for your needs.', 'Books', 54.62, 65.76, 65),
('The Travel Chronicles', 'A gripping tale titled The Travel Chronicles.', 'Home', 141.58, 269.5, 25),
('Admit Gadget', 'A state-of-the-art admit gadget for your needs.', 'Books', 11.19, 19.38, 44),
('The Not Chronicles', 'A gripping tale titled The Not Chronicles.', 'Books', 78.25, 163.35, 179),
('Section Shirt', 'Comfortable and stylish section shirt.', 'Home', 28.13, 70.06, 110),
('Lawyer Shirt', 'Comfortable and stylish lawyer shirt.', 'Clothing', 167.79, 366.29, 86),
('Pattern Item', 'A unique pattern item for various uses.', 'Books', 165.56, 251.94, 98),
('Either Item', 'A unique either item for various uses.', 'Electronics', 162.85, 284.18, 14),
('Card Shirt', 'Comfortable and stylish card shirt.', 'Electronics', 24.67, 30.68, 163),
('Note Gadget', 'A state-of-the-art note gadget for your needs.', 'Clothing', 149.41, 257.43, 69),
('Save Shirt', 'Comfortable and stylish save shirt.', 'Electronics', 32.33, 80.55, 69),
('Significant Item', 'A unique significant item for various uses.', 'Home', 51.2, 119.76, 179),
('Meet Shirt', 'Comfortable and stylish meet shirt.', 'Books', 63.6, 81.36, 161),
('The Any Chronicles', 'A gripping tale titled The Any Chronicles.', 'Electronics', 194.6, 471.72, 181),
('Yes Decor', 'Perfect yes decor to enhance your home.', 'Books', 84.61, 134.52, 57),
('Fire Item', 'A unique fire item for various uses.', 'Home', 172.22, 238.98, 128),
('Purpose Gadget', 'A state-of-the-art purpose gadget for your needs.', 'Other', 85.47, 148.84, 145),
('Chance Item', 'A unique chance item for various uses.', 'Clothing', 69.4, 90.41, 125),
('Approach Item', 'A unique approach item for various uses.', 'Electronics', 57.35, 119.05, 164),
('Usually Gadget', 'A state-of-the-art usually gadget for your needs.', 'Electronics', 41.69, 91.31, 195),
('Meet Shirt', 'Comfortable and stylish meet shirt.', 'Books', 45.73, 108.8, 87),
('Toward Gadget', 'A state-of-the-art toward gadget for your needs.', 'Clothing', 187.75, 460.12, 40),
('Coach Shirt', 'Comfortable and stylish coach shirt.', 'Other', 142.23, 244.01, 71),
('Above Decor', 'Perfect above decor to enhance your home.', 'Books', 95.92, 196.0, 88),
('The About Chronicles', 'A gripping tale titled The About Chronicles.', 'Books', 24.23, 59.99, 130),
('Couple Shirt', 'Comfortable and stylish couple shirt.', 'Home', 66.02, 83.15, 66),
('Often Decor', 'Perfect often decor to enhance your home.', 'Other', 187.28, 365.74, 116),
('Almost Shirt', 'Comfortable and stylish almost shirt.', 'Clothing', 69.32, 117.41, 72),
('Enough Decor', 'Perfect enough decor to enhance your home.', 'Home', 153.86, 282.37, 195),
('Family Item', 'A unique family item for various uses.', 'Clothing', 32.29, 61.69, 57),
('Color Item', 'A unique color item for various uses.', 'Electronics', 189.31, 391.62, 11),
('Believe Shirt', 'Comfortable and stylish believe shirt.', 'Clothing', 18.25, 25.48, 65),
('Oil Decor', 'Perfect oil decor to enhance your home.', 'Electronics', 125.48, 259.34, 167),
('Military Item', 'A unique military item for various uses.', 'Other', 112.57, 136.82, 145),
('May Decor', 'Perfect may decor to enhance your home.', 'Electronics', 102.93, 216.9, 120),
('Will Item', 'A unique will item for various uses.', 'Clothing', 51.99, 104.28, 74),
('Just Item', 'A unique just item for various uses.', 'Home', 192.06, 345.07, 72),
('Action Item', 'A unique action item for various uses.', 'Electronics', 84.03, 142.04, 131),
('Natural Gadget', 'A state-of-the-art natural gadget for your needs.', 'Electronics', 142.05, 185.73, 121),
('Set Item', 'A unique set item for various uses.', 'Electronics', 49.8, 118.11, 187),
('From Decor', 'Perfect from decor to enhance your home.', 'Electronics', 185.21, 387.04, 81),
('Camera Item', 'A unique camera item for various uses.', 'Home', 8.05, 11.83, 46),
('Condition Decor', 'Perfect condition decor to enhance your home.', 'Clothing', 114.97, 222.66, 109),
('Boy Item', 'A unique boy item for various uses.', 'Electronics', 102.65, 253.2, 23),
('Republican Gadget', 'A state-of-the-art republican gadget for your needs.', 'Books', 50.27, 65.29, 164),
('Speech Item', 'A unique speech item for various uses.', 'Electronics', 128.65, 285.42, 125),
('Behavior Shirt', 'Comfortable and stylish behavior shirt.', 'Home', 112.84, 190.48, 57),
('Trial Item', 'A unique trial item for various uses.', 'Home', 160.62, 341.65, 31),
('Meeting Shirt', 'Comfortable and stylish meeting shirt.', 'Books', 143.78, 291.02, 199),
('Personal Decor', 'Perfect personal decor to enhance your home.', 'Electronics', 22.85, 55.43, 123),
('Task Item', 'A unique task item for various uses.', 'Electronics', 41.54, 74.09, 152),
('Dinner Item', 'A unique dinner item for various uses.', 'Electronics', 74.01, 97.77, 163),
('Direction Item', 'A unique direction item for various uses.', 'Books', 80.62, 105.62, 153),
('Million Item', 'A unique million item for various uses.', 'Books', 38.05, 58.96, 78),
('Board Shirt', 'Comfortable and stylish board shirt.', 'Electronics', 37.61, 58.62, 86),
('Himself Decor', 'Perfect himself decor to enhance your home.', 'Home', 189.12, 404.18, 136),
('The Nice Chronicles', 'A gripping tale titled The Nice Chronicles.', 'Electronics', 31.42, 37.98, 111),
('Deal Item', 'A unique deal item for various uses.', 'Books', 70.27, 158.82, 176),
('Move Shirt', 'Comfortable and stylish move shirt.', 'Home', 67.53, 164.2, 61),
('The Ever Chronicles', 'A gripping tale titled The Ever Chronicles.', 'Home', 61.83, 130.06, 135),
('Share Shirt', 'Comfortable and stylish share shirt.', 'Home', 78.33, 177.14, 110),
('Late Item', 'A unique late item for various uses.', 'Other', 199.47, 286.02, 150),
('Put Gadget', 'A state-of-the-art put gadget for your needs.', 'Books', 188.88, 278.13, 84),
('Security Gadget', 'A state-of-the-art security gadget for your needs.', 'Books', 136.23, 188.12, 87),
('The Central Chronicles', 'A gripping tale titled The Central Chronicles.', 'Books', 19.42, 48.32, 132),
('Budget Item', 'A unique budget item for various uses.', 'Books', 111.01, 247.32, 102),
('Prevent Item', 'A unique prevent item for various uses.', 'Clothing', 133.23, 221.36, 175),
('The Dark Chronicles', 'A gripping tale titled The Dark Chronicles.', 'Home', 193.31, 340.15, 12),
('Field Gadget', 'A state-of-the-art field gadget for your needs.', 'Home', 48.29, 104.83, 152),
('The Your Chronicles', 'A gripping tale titled The Your Chronicles.', 'Home', 81.27, 179.12, 160),
('Each Shirt', 'Comfortable and stylish each shirt.', 'Home', 199.55, 364.7, 85),
('Recognize Item', 'A unique recognize item for various uses.', 'Home', 65.82, 117.94, 62),
('Five Decor', 'Perfect five decor to enhance your home.', 'Books', 24.04, 51.41, 125),
('During Decor', 'Perfect during decor to enhance your home.', 'Electronics', 162.99, 219.97, 97),
('Garden Gadget', 'A state-of-the-art garden gadget for your needs.', 'Clothing', 186.33, 402.96, 142),
('Pretty Item', 'A unique pretty item for various uses.', 'Other', 88.14, 158.71, 113),
('Newspaper Shirt', 'Comfortable and stylish newspaper shirt.', 'Books', 82.14, 177.31, 60);

INSERT INTO Orders (CustomerID, OrderDate) VALUES
(39, '2024-04-09 04:04:39'),
(35, '2025-03-04 04:00:19'),
(24, '2024-04-16 20:44:13'),
(59, '2024-02-11 12:48:56'),
(15, '2023-09-18 18:56:56'),
(45, '2024-07-04 10:17:41'),
(31, '2024-11-01 14:11:44'),
(18, '2023-08-31 22:27:28'),
(42, '2025-01-10 04:14:52'),
(51, '2025-05-28 04:25:29'),
(35, '2024-08-15 06:34:49'),
(48, '2024-05-29 19:32:53'),
(33, '2025-06-03 12:48:57'),
(50, '2023-12-09 19:43:24'),
(54, '2024-06-18 18:28:18'),
(30, '2023-08-01 20:14:11'),
(48, '2024-12-22 05:05:46'),
(19, '2023-12-16 02:18:55'),
(26, '2024-08-12 16:34:29'),
(22, '2024-10-21 01:14:41'),
(20, '2024-06-25 04:33:45'),
(37, '2023-09-14 02:22:22'),
(47, '2025-01-25 19:25:38'),
(22, '2024-08-27 22:48:42'),
(45, '2024-07-29 12:30:44'),
(52, '2024-05-15 09:41:26'),
(22, '2024-06-27 19:40:16'),
(42, '2025-06-12 00:55:52'),
(22, '2023-10-03 20:41:07'),
(39, '2025-05-21 20:39:52'),
(33, '2025-02-28 17:12:51'),
(42, '2024-01-18 16:04:55'),
(35, '2024-01-18 17:12:41'),
(43, '2024-04-23 16:51:33'),
(37, '2024-06-11 11:19:19'),
(37, '2025-01-26 01:31:15'),
(39, '2024-09-01 15:15:41'),
(16, '2024-07-08 21:18:18'),
(59, '2024-07-18 00:25:09'),
(13, '2023-08-19 11:44:06'),
(45, '2025-06-11 08:55:03'),
(60, '2024-03-02 03:42:30'),
(58, '2025-02-26 23:07:25'),
(42, '2025-02-21 07:05:52'),
(18, '2023-09-02 03:07:43'),
(28, '2023-09-24 08:04:30'),
(34, '2025-01-30 21:32:12'),
(59, '2023-09-04 20:27:03'),
(57, '2024-11-08 09:29:55'),
(24, '2024-05-04 12:52:45'),
(17, '2024-10-24 23:31:48'),
(52, '2024-01-10 10:04:51'),
(30, '2024-12-23 12:49:05'),
(13, '2023-10-12 10:08:05'),
(33, '2024-11-26 19:21:40'),
(16, '2024-07-03 03:34:33'),
(18, '2024-08-01 22:42:35'),
(26, '2024-07-28 02:45:34'),
(58, '2024-12-25 23:53:12'),
(33, '2025-05-15 19:38:09'),
(50, '2023-11-03 10:26:16'),
(21, '2024-12-15 10:29:26'),
(24, '2023-07-20 04:52:51'),
(14, '2024-12-30 11:27:05'),
(45, '2024-09-23 05:53:28'),
(45, '2025-04-14 18:04:07'),
(56, '2023-09-04 15:39:34'),
(47, '2023-08-28 18:50:22'),
(43, '2023-07-20 20:56:54'),
(54, '2025-02-24 00:35:08'),
(19, '2023-10-06 01:21:58'),
(37, '2025-06-12 06:40:44'),
(28, '2024-07-01 17:59:10'),
(19, '2024-09-03 07:24:20'),
(19, '2025-05-16 13:42:33'),
(56, '2024-04-08 11:37:42'),
(26, '2024-06-05 14:02:19'),
(54, '2024-06-09 02:25:35'),
(20, '2025-06-01 00:52:03'),
(28, '2024-06-27 20:57:55'),
(35, '2023-11-20 19:08:53'),
(51, '2024-10-09 21:26:01'),
(60, '2023-08-02 12:52:07'),
(43, '2025-03-05 20:54:12'),
(55, '2025-04-19 20:02:58'),
(34, '2024-12-19 22:32:24'),
(42, '2025-05-18 02:57:13'),
(11, '2023-07-01 10:14:42'),
(57, '2024-11-14 04:21:14'),
(40, '2024-06-26 13:12:59'),
(55, '2023-12-03 11:33:33'),
(15, '2024-07-07 03:10:49'),
(36, '2024-07-27 09:26:02'),
(38, '2023-07-02 01:10:20'),
(42, '2024-06-02 20:50:12'),
(29, '2025-04-12 14:16:05'),
(47, '2024-12-22 02:58:25'),
(42, '2024-08-04 23:10:09'),
(54, '2025-04-05 11:12:40'),
(13, '2025-06-18 21:20:10'),
(40, '2024-07-25 11:59:47'),
(21, '2023-12-31 21:49:08'),
(11, '2023-10-27 17:04:50'),
(38, '2024-10-21 09:38:13'),
(55, '2024-05-17 07:39:12'),
(52, '2024-08-31 22:29:38'),
(28, '2024-06-04 01:45:36'),
(34, '2024-06-08 06:11:00'),
(34, '2024-07-23 09:26:23'),
(52, '2023-12-21 01:58:36'),
(36, '2023-12-29 00:01:57'),
(57, '2024-02-23 03:40:04'),
(25, '2023-09-21 07:58:55'),
(16, '2023-10-30 04:40:17'),
(11, '2025-05-10 16:15:49'),
(15, '2025-05-07 03:27:53'),
(25, '2024-03-18 10:54:52'),
(39, '2024-04-28 11:02:23'),
(55, '2024-09-07 05:53:01'),
(18, '2024-10-14 16:28:53'),
(38, '2024-12-28 19:13:02'),
(41, '2024-12-08 19:41:22'),
(35, '2023-12-05 14:54:57'),
(17, '2025-02-17 10:03:47'),
(34, '2023-09-30 01:56:42'),
(19, '2024-01-20 21:19:14'),
(59, '2024-01-25 06:20:14'),
(52, '2025-03-11 12:14:25'),
(20, '2025-05-03 10:50:06'),
(47, '2025-03-11 18:14:24'),
(52, '2023-12-06 23:21:06'),
(33, '2023-08-11 22:11:06'),
(51, '2025-06-09 10:59:22'),
(37, '2024-08-07 02:03:00'),
(39, '2025-05-15 15:58:23'),
(16, '2024-02-09 08:48:48'),
(19, '2023-09-27 06:07:22'),
(48, '2025-02-03 05:10:40'),
(33, '2023-12-27 00:21:46'),
(31, '2024-04-18 18:53:44'),
(26, '2024-07-23 23:11:40'),
(16, '2023-07-30 03:42:56'),
(49, '2023-06-29 13:32:49'),
(49, '2024-10-20 23:12:04'),
(55, '2025-02-24 17:46:18'),
(53, '2023-06-24 04:58:24'),
(24, '2024-11-04 15:19:34'),
(43, '2024-12-27 01:40:11'),
(36, '2024-06-05 12:18:49'),
(14, '2025-03-13 13:50:08'),
(26, '2025-04-02 19:44:18'),
(18, '2024-04-02 07:29:43'),
(51, '2024-01-01 06:09:22'),
(44, '2025-05-13 18:06:59'),
(11, '2024-11-17 18:40:58'),
(31, '2024-10-02 23:34:13'),
(47, '2025-06-16 08:30:08'),
(45, '2024-10-12 01:01:24'),
(59, '2023-06-29 18:47:01'),
(60, '2024-03-23 21:54:49'),
(48, '2025-05-01 02:50:44'),
(27, '2023-09-06 18:36:42'),
(14, '2025-02-06 14:30:57'),
(36, '2024-02-04 15:22:42'),
(51, '2025-03-15 14:19:04'),
(60, '2024-01-19 16:52:35'),
(55, '2023-09-11 04:40:32'),
(51, '2024-11-11 13:18:28'),
(50, '2023-07-01 04:39:41'),
(16, '2024-11-22 16:01:07'),
(43, '2024-10-31 22:37:17'),
(20, '2024-04-30 22:07:44'),
(36, '2024-10-12 21:30:04'),
(59, '2024-06-04 06:37:47'),
(54, '2024-04-11 17:40:26'),
(30, '2023-10-09 15:27:46'),
(57, '2025-04-18 03:04:16'),
(26, '2024-01-14 11:21:04'),
(16, '2025-02-19 09:08:15'),
(18, '2024-12-24 21:15:16'),
(49, '2023-07-24 21:10:23'),
(53, '2025-05-21 13:47:44'),
(58, '2023-08-11 00:52:31'),
(11, '2023-12-05 11:27:39'),
(55, '2024-04-27 10:53:11'),
(42, '2025-05-08 10:08:21'),
(44, '2024-07-26 13:37:00'),
(57, '2025-02-15 00:36:42'),
(34, '2024-04-06 01:40:01'),
(60, '2023-12-10 16:29:11'),
(57, '2025-04-13 03:12:40'),
(60, '2024-11-17 18:40:06'),
(32, '2025-05-21 18:42:05'),
(28, '2024-12-01 17:37:11'),
(27, '2023-07-22 09:32:28'),
(47, '2025-04-12 13:53:48'),
(42, '2025-01-01 20:04:28'),
(34, '2025-06-18 10:19:49'),
(47, '2025-03-09 19:13:19'),
(21, '2025-02-05 01:18:11');

INSERT INTO Payments (OrderID, PaymentAmount, PaymentDate) VALUES
(11, 304.26, '2024-04-09 04:04:39'),
(12, 22.14, '2025-03-04 04:00:19'),
(13, 118.78, '2024-04-16 20:44:13'),
(14, 357.8, '2024-02-11 12:48:56'),
(15, 297.13, '2023-09-18 18:56:56'),
(16, 109.74, '2024-07-04 10:17:41'),
(17, 114.6, '2024-11-01 14:11:44'),
(18, 145.93, '2023-08-31 22:27:28'),
(19, 273.3, '2025-01-10 04:14:52'),
(20, 170.43, '2025-05-28 04:25:29'),
(21, 313.43, '2024-08-15 06:34:49'),
(22, 74.83, '2024-05-29 19:32:53'),
(23, 425.85, '2025-06-03 12:48:57'),
(24, 102.81, '2023-12-09 19:43:24'),
(25, 358.87, '2024-06-18 18:28:18'),
(26, 460.97, '2023-08-01 20:14:11'),
(27, 60.68, '2024-12-22 05:05:46'),
(28, 170.33, '2023-12-16 02:18:55'),
(29, 166.58, '2024-08-12 16:34:29'),
(30, 199.19, '2024-10-21 01:14:41'),
(31, 265.2, '2024-06-25 04:33:45'),
(32, 306.28, '2023-09-14 02:22:22'),
(33, 204.18, '2025-01-25 19:25:38'),
(34, 253.6, '2024-08-27 22:48:42'),
(35, 352.85, '2024-07-29 12:30:44'),
(36, 466.73, '2024-05-15 09:41:26'),
(37, 286.36, '2024-06-27 19:40:16'),
(38, 158.64, '2025-06-12 00:55:52'),
(39, 171.0, '2023-10-03 20:41:07'),
(40, 317.32, '2025-05-21 20:39:52'),
(41, 476.88, '2025-02-28 17:12:51'),
(42, 85.54, '2024-01-18 16:04:55'),
(43, 482.64, '2024-01-18 17:12:41'),
(44, 333.47, '2024-04-23 16:51:33'),
(45, 348.65, '2024-06-11 11:19:19'),
(46, 360.87, '2025-01-26 01:31:15'),
(47, 254.58, '2024-09-01 15:15:41'),
(48, 291.39, '2024-07-08 21:18:18'),
(49, 125.85, '2024-07-18 00:25:09'),
(50, 151.93, '2023-08-19 11:44:06'),
(51, 158.56, '2025-06-11 08:55:03'),
(52, 239.51, '2024-03-02 03:42:30'),
(53, 390.82, '2025-02-26 23:07:25'),
(54, 283.87, '2025-02-21 07:05:52'),
(55, 294.9, '2023-09-02 03:07:43'),
(56, 392.05, '2023-09-24 08:04:30'),
(57, 280.18, '2025-01-30 21:32:12'),
(58, 39.97, '2023-09-04 20:27:03'),
(59, 231.86, '2024-11-08 09:29:55'),
(60, 495.09, '2024-05-04 12:52:45'),
(61, 373.27, '2024-10-24 23:31:48'),
(62, 380.65, '2024-01-10 10:04:51'),
(63, 439.91, '2024-12-23 12:49:05'),
(64, 235.87, '2023-10-12 10:08:05'),
(65, 433.86, '2024-11-26 19:21:40'),
(66, 230.75, '2024-07-03 03:34:33'),
(67, 392.3, '2024-08-01 22:42:35'),
(68, 120.74, '2024-07-28 02:45:34'),
(69, 302.2, '2024-12-25 23:53:12'),
(70, 433.3, '2025-05-15 19:38:09'),
(71, 323.73, '2023-11-03 10:26:16'),
(72, 315.75, '2024-12-15 10:29:26'),
(73, 410.49, '2023-07-20 04:52:51'),
(74, 293.64, '2024-12-30 11:27:05'),
(75, 154.92, '2024-09-23 05:53:28'),
(76, 100.82, '2025-04-14 18:04:07'),
(77, 160.46, '2023-09-04 15:39:34'),
(78, 148.32, '2023-08-28 18:50:22'),
(79, 493.03, '2023-07-20 20:56:54'),
(80, 411.29, '2025-02-24 00:35:08'),
(81, 482.13, '2023-10-06 01:21:58'),
(82, 461.01, '2025-06-12 06:40:44'),
(83, 436.18, '2024-07-01 17:59:10'),
(84, 356.68, '2024-09-03 07:24:20'),
(85, 139.85, '2025-05-16 13:42:33'),
(86, 174.61, '2024-04-08 11:37:42'),
(87, 385.51, '2024-06-05 14:02:19'),
(88, 208.5, '2024-06-09 02:25:35'),
(89, 297.16, '2025-06-01 00:52:03'),
(90, 321.35, '2024-06-27 20:57:55'),
(91, 236.96, '2023-11-20 19:08:53'),
(92, 401.41, '2024-10-09 21:26:01'),
(93, 64.69, '2023-08-02 12:52:07'),
(94, 379.91, '2025-03-05 20:54:12'),
(95, 469.44, '2025-04-19 20:02:58'),
(96, 238.25, '2024-12-19 22:32:24'),
(97, 177.1, '2025-05-18 02:57:13'),
(98, 437.08, '2023-07-01 10:14:42'),
(99, 64.71, '2024-11-14 04:21:14'),
(100, 324.72, '2024-06-26 13:12:59'),
(101, 191.95, '2023-12-03 11:33:33'),
(102, 401.93, '2024-07-07 03:10:49'),
(103, 124.56, '2024-07-27 09:26:02'),
(104, 415.93, '2023-07-02 01:10:20'),
(105, 148.9, '2024-06-02 20:50:12'),
(106, 182.12, '2025-04-12 14:16:05'),
(107, 82.69, '2024-12-22 02:58:25'),
(108, 398.39, '2024-08-04 23:10:09'),
(109, 385.88, '2025-04-05 11:12:40'),
(110, 67.8, '2025-06-18 21:20:10'),
(111, 27.82, '2024-07-25 11:59:47'),
(112, 231.82, '2023-12-31 21:49:08'),
(113, 496.08, '2023-10-27 17:04:50'),
(114, 117.11, '2024-10-21 09:38:13'),
(115, 456.52, '2024-05-17 07:39:12'),
(116, 164.9, '2024-08-31 22:29:38'),
(117, 64.8, '2024-06-04 01:45:36'),
(118, 140.19, '2024-06-08 06:11:00'),
(119, 338.96, '2024-07-23 09:26:23'),
(120, 99.45, '2023-12-21 01:58:36'),
(121, 320.29, '2023-12-29 00:01:57'),
(122, 355.73, '2024-02-23 03:40:04'),
(123, 226.03, '2023-09-21 07:58:55'),
(124, 357.78, '2023-10-30 04:40:17'),
(125, 122.44, '2025-05-10 16:15:49'),
(126, 83.7, '2025-05-07 03:27:53'),
(127, 269.33, '2024-03-18 10:54:52'),
(128, 24.46, '2024-04-28 11:02:23'),
(129, 184.92, '2024-09-07 05:53:01'),
(130, 494.31, '2024-10-14 16:28:53'),
(131, 353.13, '2024-12-28 19:13:02'),
(132, 54.0, '2024-12-08 19:41:22'),
(133, 62.88, '2023-12-05 14:54:57'),
(134, 69.54, '2025-02-17 10:03:47'),
(135, 442.87, '2023-09-30 01:56:42'),
(136, 203.71, '2024-01-20 21:19:14'),
(137, 439.76, '2024-01-25 06:20:14'),
(138, 496.61, '2025-03-11 12:14:25'),
(139, 52.84, '2025-05-03 10:50:06'),
(140, 24.07, '2025-03-11 18:14:24'),
(141, 98.78, '2023-12-06 23:21:06'),
(142, 366.77, '2023-08-11 22:11:06'),
(143, 379.17, '2025-06-09 10:59:22'),
(144, 315.72, '2024-08-07 02:03:00'),
(145, 432.78, '2025-05-15 15:58:23'),
(146, 450.36, '2024-02-09 08:48:48'),
(147, 381.17, '2023-09-27 06:07:22'),
(148, 370.4, '2025-02-03 05:10:40'),
(149, 482.36, '2023-12-27 00:21:46'),
(150, 399.72, '2024-04-18 18:53:44'),
(151, 152.94, '2024-07-23 23:11:40'),
(152, 139.12, '2023-07-30 03:42:56'),
(153, 308.0, '2023-06-29 13:32:49'),
(154, 156.76, '2024-10-20 23:12:04'),
(155, 32.88, '2025-02-24 17:46:18'),
(156, 440.4, '2023-06-24 04:58:24'),
(157, 268.52, '2024-11-04 15:19:34'),
(158, 110.55, '2024-12-27 01:40:11'),
(159, 161.86, '2024-06-05 12:18:49'),
(160, 396.22, '2025-03-13 13:50:08'),
(161, 257.55, '2025-04-02 19:44:18'),
(162, 135.72, '2024-04-02 07:29:43'),
(163, 305.09, '2024-01-01 06:09:22'),
(164, 446.59, '2025-05-13 18:06:59'),
(165, 493.7, '2024-11-17 18:40:58'),
(166, 83.35, '2024-10-02 23:34:13'),
(167, 222.01, '2025-06-16 08:30:08'),
(168, 347.81, '2024-10-12 01:01:24'),
(169, 246.09, '2023-06-29 18:47:01'),
(170, 55.04, '2024-03-23 21:54:49'),
(171, 52.42, '2025-05-01 02:50:44'),
(172, 123.56, '2023-09-06 18:36:42'),
(173, 475.37, '2025-02-06 14:30:57'),
(174, 263.17, '2024-02-04 15:22:42'),
(175, 362.06, '2025-03-15 14:19:04'),
(176, 219.41, '2024-01-19 16:52:35'),
(177, 213.09, '2023-09-11 04:40:32'),
(178, 277.55, '2024-11-11 13:18:28'),
(179, 93.29, '2023-07-01 04:39:41'),
(180, 168.76, '2024-11-22 16:01:07'),
(181, 462.04, '2024-10-31 22:37:17'),
(182, 277.47, '2024-04-30 22:07:44'),
(183, 301.49, '2024-10-12 21:30:04'),
(184, 420.57, '2024-06-04 06:37:47'),
(185, 328.71, '2024-04-11 17:40:26'),
(186, 355.36, '2023-10-09 15:27:46'),
(187, 477.65, '2025-04-18 03:04:16'),
(188, 47.79, '2024-01-14 11:21:04'),
(189, 463.82, '2025-02-19 09:08:15'),
(190, 237.62, '2024-12-24 21:15:16'),
(191, 46.41, '2023-07-24 21:10:23'),
(192, 376.01, '2025-05-21 13:47:44'),
(193, 104.31, '2023-08-11 00:52:31'),
(194, 359.79, '2023-12-05 11:27:39'),
(195, 25.45, '2024-04-27 10:53:11'),
(196, 477.45, '2025-05-08 10:08:21'),
(197, 268.27, '2024-07-26 13:37:00'),
(198, 144.44, '2025-02-15 00:36:42'),
(199, 80.93, '2024-04-06 01:40:01'),
(200, 439.26, '2023-12-10 16:29:11'),
(201, 445.48, '2025-04-13 03:12:40'),
(202, 451.95, '2024-11-17 18:40:06'),
(203, 407.41, '2025-05-21 18:42:05'),
(204, 271.45, '2024-12-01 17:37:11'),
(205, 361.92, '2023-07-22 09:32:28'),
(206, 321.22, '2025-04-12 13:53:48'),
(207, 238.49, '2025-01-01 20:04:28'),
(208, 46.61, '2025-06-18 10:19:49'),
(209, 100.1, '2025-03-09 19:13:19'),
(210, 142.46, '2025-02-05 01:18:11');

INSERT INTO Reviews (UserID, OrderID, ProductID, Rating, ReviewText, ReviewDate) VALUES
(17, 157, 97, 3.9, 'Apply owner however wish mouth account.', '2025-03-01'),
(25, 200, 76, 1.0, 'Individual whether travel if society special produce miss radio.', '2025-06-11'),
(11, 73, 16, 2.9, 'Claim mother create staff American other answer several team single usually focus.', '2024-11-18'),
(35, 49, 33, 4.7, 'Together must Mr either church often agency.', '2024-12-10'),
(13, 152, 102, 4.0, 'White six occur by must few.', '2024-12-31'),
(37, 68, 52, 2.0, 'System stage property station light letter.', '2024-09-05'),
(57, 92, 45, 4.3, 'Without mission whether budget performance without eye spring beat more officer ten goal.', '2024-06-27'),
(47, 106, 26, 3.0, 'Better school future situation business half power.', '2025-04-22'),
(14, 56, 39, 4.2, 'Region our interview find officer food pressure.', '2024-07-04'),
(13, 113, 19, 4.5, 'Point enough play cut include news grow.', '2025-01-26'),
(29, 209, 50, 2.3, 'Threat film eight fight wait conference people various great without laugh system suffer subject.', '2024-10-25'),
(46, 127, 12, 2.5, 'Director call feel why decision thousand determine off top fast.', '2024-08-14'),
(29, 155, 49, 4.0, 'Coach the arm commercial feel land rather.', '2025-03-25'),
(26, 129, 58, 3.4, 'Hundred science take late trouble life popular former support south should yet property.', '2024-07-31'),
(42, 208, 110, 1.8, 'Girl information story line decide point return need.', '2025-06-10'),
(45, 205, 42, 1.6, 'Institution serious physical business have letter become.', '2024-12-12'),
(37, 17, 40, 3.2, 'Industry spend bag oil live when.', '2025-01-05'),
(51, 188, 12, 4.8, 'Charge computer floor safe dog table.', '2025-02-23'),
(11, 205, 95, 2.5, 'National style would human will tax father.', '2024-07-02'),
(58, 197, 50, 1.4, 'Star these rule baby candidate individual sing.', '2024-12-27'),
(44, 71, 64, 3.0, 'Either shoulder market pattern total throughout voice floor.', '2025-05-05'),
(14, 47, 102, 2.1, 'Task now good actually out east turn their mention defense argue.', '2025-05-08'),
(13, 70, 77, 2.7, 'Couple light these military example can card here president official scientist physical offer.', '2024-12-09'),
(34, 128, 106, 1.3, 'Environmental allow officer thing blue offer soldier society fly.', '2024-09-23'),
(17, 140, 28, 3.5, 'Everyone history take upon account sister through officer operation quality sit loss.', '2024-08-02'),
(36, 30, 86, 3.3, 'Sea PM paper catch show word space series question.', '2024-09-08'),
(38, 180, 27, 1.9, 'Report which successful think account hard outside executive glass billion situation sister.', '2025-01-27'),
(27, 91, 61, 3.8, 'Institution trouble life move expect edge ability pull write worker high Republican.', '2025-02-21'),
(58, 94, 51, 2.8, 'Song point person case sign soon board recently.', '2024-12-10'),
(25, 30, 36, 1.5, 'Play improve eat standard a and issue attention.', '2025-02-17'),
(60, 160, 24, 1.6, 'Democrat collection herself memory sure decision alone night.', '2024-11-11'),
(21, 126, 70, 2.3, 'Support particular clear southern difficult home gun yes address question.', '2025-03-25'),
(18, 148, 56, 4.9, 'Condition write Democrat upon while free prevent.', '2025-02-24'),
(24, 126, 50, 2.9, 'Television far own sign heart like among economic process husband.', '2025-06-13'),
(18, 34, 31, 4.2, 'Court land tax best civil career.', '2025-06-07'),
(30, 191, 100, 3.4, 'Clearly simple arrive artist doctor business traditional.', '2024-12-26'),
(24, 94, 29, 1.4, 'Week house low indicate argue environmental institution him imagine.', '2024-12-30'),
(26, 102, 61, 3.1, 'Read hard offer later guy simple.', '2024-12-11'),
(54, 87, 44, 4.3, 'Mouth central student old research trouble method medical large.', '2024-07-28'),
(22, 18, 62, 4.4, 'Past glass side gun including pressure world.', '2024-11-19'),
(46, 202, 81, 2.0, 'Gun population open charge a despite gas nature democratic stock she part.', '2024-06-23'),
(40, 37, 28, 1.5, 'Key analysis onto them example manage.', '2025-03-12'),
(14, 210, 39, 1.5, 'Usually floor decide late matter last notice discuss form near view.', '2025-02-25'),
(36, 106, 98, 3.5, 'When others surface though ago view report thank.', '2024-12-06'),
(52, 32, 85, 3.3, 'Break outside else model without fly outside.', '2024-09-25'),
(15, 16, 19, 1.8, 'Military soon poor theory wind education rise whatever some building recently tonight walk.', '2024-08-01'),
(52, 124, 27, 1.4, 'Event health way ask together fight offer himself contain easy.', '2024-11-17'),
(32, 42, 16, 4.8, 'Race fill vote view sport present upon use.', '2025-04-05'),
(14, 54, 84, 2.7, 'Paper direction help former agency official.', '2024-11-05'),
(57, 112, 74, 1.1, 'Order board decade history wonder way difference.', '2025-05-23'),
(54, 120, 33, 2.4, 'Front situation note structure collection who fine actually price themselves whole.', '2024-11-05'),
(22, 81, 46, 2.8, 'Through work near now this chair give.', '2024-12-16'),
(20, 19, 89, 3.5, 'Our weight base medical support between nation data.', '2024-09-15'),
(26, 176, 48, 3.0, 'Fall letter answer manage provide you middle between.', '2025-02-21'),
(46, 133, 18, 1.4, 'Wide sort available agent prevent land claim mind on.', '2024-07-21'),
(35, 46, 64, 1.8, 'You whether owner behavior everything behind trade together event medical name race.', '2024-08-20'),
(44, 74, 91, 5.0, 'Matter glass expert successful follow article quality now that politics movie.', '2024-11-10'),
(45, 15, 59, 4.1, 'Future much market girl air difference human near others medical compare north.', '2024-09-15'),
(33, 133, 80, 4.1, 'Later represent serve throw candidate response guess learn we week billion account effort.', '2025-04-30'),
(33, 155, 75, 2.3, 'Power claim night window arm Congress film cause line these ground hear.', '2024-09-21'),
(28, 57, 14, 2.3, 'Establish product no church improve color within wide bad before especially former.', '2025-02-10'),
(25, 18, 110, 2.1, 'Most exactly look concern land management free population.', '2024-12-15'),
(41, 146, 56, 4.1, 'Husband choose represent hot Mrs them reach quite.', '2025-03-13'),
(25, 51, 23, 2.0, 'Western now main large stop road resource very technology along start prove player.', '2025-04-24'),
(26, 79, 79, 4.3, 'Standard floor college bar human at speak world.', '2024-12-27'),
(58, 25, 108, 5.0, 'Whose word laugh human rather conference age report other.', '2024-09-19'),
(25, 158, 60, 2.4, 'Ability better audience training cold within family example person deep establish.', '2025-06-11'),
(22, 56, 41, 3.4, 'Yes finally if hard much employee such lay like most past.', '2024-08-09'),
(58, 189, 56, 4.7, 'Break know positive quality usually pay serve.', '2025-06-13'),
(12, 191, 100, 2.4, 'Political stuff there interesting fly store.', '2024-11-02'),
(47, 155, 29, 3.3, 'Gun accept argue exactly yes television bring hard.', '2024-06-26'),
(23, 137, 80, 2.2, 'Citizen movement crime institution management soon team six put.', '2025-02-19'),
(42, 20, 22, 1.2, 'Teacher he whatever yes cut alone institution.', '2024-12-29'),
(49, 67, 13, 3.1, 'Discuss last former him national page produce run memory guy.', '2025-01-28'),
(11, 95, 89, 1.8, 'Manager door cold art property husband seven what at purpose mention company authority.', '2025-05-14'),
(19, 98, 102, 1.7, 'Animal professor everyone modern course which city product city Democrat item.', '2024-08-07'),
(31, 26, 13, 1.6, 'Worker worker able across live develop nothing impact.', '2024-09-26'),
(56, 47, 110, 1.4, 'Fish every two discuss step news put bring oil series possible base.', '2024-10-05'),
(44, 104, 20, 2.5, 'Window whom particular never girl dream education point really later heavy.', '2024-09-16'),
(53, 112, 86, 1.4, 'Agent outside everything give to coach shake decision art American apply store book very.', '2025-01-15'),
(30, 93, 28, 4.9, 'Nearly and I tonight themselves example relationship eat light meet.', '2025-05-30'),
(57, 122, 92, 4.8, 'After try argue read PM group into several.', '2024-09-13'),
(52, 92, 33, 3.8, 'Inside fill design anyone full bar accept stage instead.', '2025-04-04'),
(46, 188, 89, 4.1, 'Happen cause yes carry not sell including themselves question economic class.', '2025-04-14'),
(25, 181, 86, 4.3, 'Institution enjoy work a serve chair life reflect own on.', '2025-05-31'),
(35, 89, 104, 3.8, 'Off case south task including open outside especially.', '2025-04-01'),
(19, 56, 104, 1.0, 'Medical product simply measure threat charge though.', '2025-02-15'),
(55, 157, 61, 4.4, 'Whom treatment article maybe six production increase bad room.', '2025-01-18'),
(60, 156, 15, 1.7, 'Write under nearly high season test enter attack student beat what out.', '2025-04-05'),
(31, 167, 39, 3.6, 'Adult half of course two no sort born article bank wish sure town.', '2025-02-25'),
(17, 138, 29, 2.3, 'Environmental keep arrive cause however east.', '2025-05-25'),
(15, 71, 55, 4.9, 'Join common voice goal voice question include physical television bag step bar.', '2024-10-01'),
(21, 173, 22, 4.3, 'Song cost just market fly network great happen point.', '2025-04-16'),
(53, 174, 104, 4.5, 'Second tell usually cover but everything instead nature top dark prevent fill sport.', '2025-03-27'),
(39, 13, 44, 1.8, 'Himself we even support indicate project then in education two school now stock.', '2025-05-23'),
(55, 28, 55, 2.0, 'Whom gas price clearly evening call.', '2024-11-15'),
(17, 195, 11, 1.2, 'Increase if land hour girl good hair important benefit same consider view from.', '2024-10-07'),
(39, 198, 64, 4.9, 'Everything cold which despite yet finish eye discover long so human.', '2025-03-14'),
(37, 137, 59, 2.4, 'Air perhaps gun country close reflect agency window.', '2025-01-05'),
(35, 36, 72, 4.2, 'Baby remain admit program I which.', '2025-05-05');

