-- Insert additional Users
INSERT INTO Users (UserID, Email, Username, Password, RegistrationDate) VALUES
(11, 'thomaslisa@yahoo.com', 'smithwhitney', '6y2NIZKls^', '2023-05-31'),
(12, 'david35@hotmail.com', 'laurenharris', '&xE7M0GxBX', '2023-03-17'),
(13, 'melaniemoore@stanton.org', 'davidberry', 'a)7WA7ksbd', '2020-08-14'),
(14, 'lauraperez@gmail.com', 'ramirezmichael', 'wG9RQgNp+0', '2020-09-28'),
(15, 'goldennicole@gonzalez.com', 'jweaver', '^+7H3Vo*B(', '2025-05-11'),
(16, 'jamescruz@miller.net', 'christopher45', 'eg12LSaRw&', '2021-07-17'),
(17, 'michael00@yahoo.com', 'gali', '6B6)7QqW)!', '2023-05-18'),
(18, 'emilyross@murillo.com', 'ashley25', 'hx4fa+QW3+', '2023-03-09'),
(19, 'tchapman@hotmail.com', 'nicole36', '$ZN9VTk92f', '2024-07-19'),
(20, 'oking@hansen.org', 'bobrien', '!834IQJnQx', '2023-03-01'),
(21, 'dgoodwin@johnson.com', 'larsenherbert', 'ncMN5iT2@3', '2022-12-03'),
(22, 'martineznathan@yahoo.com', 'bennettkimberly', '88H5K3ce%k', '2025-02-02'),
(23, 'orozcoelizabeth@gmail.com', 'uberg', '(*B4J_Yn9y', '2025-05-11'),
(24, 'bryangibson@yahoo.com', 'allison63', 'e1nHEBrD*g', '2024-10-19'),
(25, 'kellyperez@yahoo.com', 'wendy23', '_64@L&f5(T', '2023-02-27'),
(26, 'debrahardy@yahoo.com', 'wferrell', '_VR2Bmt6ij', '2020-06-28'),
(27, 'erin53@stevens-smith.com', 'halljoshua', 'm5R@RQF8*p', '2021-02-02'),
(28, 'jamespeterson@owens.com', 'carrollchad', '5DRAv+Os#k', '2022-07-27'),
(29, 'davidkramer@hotmail.com', 'mcintyreanthony', 'K%M4GFss)2', '2024-08-30'),
(30, 'romeromatthew@ramirez.net', 'ramirezelizabeth', 'b$E6ClQm7)', '2023-10-19'),
(31, 'bailey56@tanner.info', 'aparker', '%hr4Gwb9yc', '2021-06-04'),
(32, 'david44@andrews-may.com', 'jeremy03', 'd!0jAHPxQS', '2023-02-09'),
(33, 'autumn86@edwards.com', 'tranhector', 'g_I#7Bf77p', '2023-04-13'),
(34, 'karensanchez@gmail.com', 'robert51', 'MpT)6Jj8*b', '2024-12-31'),
(35, 'devin61@douglas.com', 'ucarter', '**3VFRPa9@', '2025-06-08'),
(36, 'danielbailey@jones-murphy.com', 'crystalchavez', 'N&O#17XvqI', '2021-10-16'),
(37, 'chris65@gmail.com', 'andersoncourtney', '#n5eYJuqGn', '2021-11-22'),
(38, 'steelejoann@hotmail.com', 'morganharris', 'eXR$g9rg3+', '2024-07-21'),
(39, 'heather69@yahoo.com', 'ahernandez', 'ZBz^^7Gl^+', '2021-08-29'),
(40, 'carriepittman@gmail.com', 'garybowman', 'O74AGqAx+4', '2022-08-19'),
(41, 'karen46@gmail.com', 'parkergilbert', '!St%1TXtW*', '2022-08-25'),
(42, 'heididudley@yahoo.com', 'brandonbaker', 'U+)V4YlrB^', '2024-12-10'),
(43, 'nwilliams@oconnor-davis.biz', 'michael01', '^INcOpC&05', '2023-07-03'),
(44, 'kimberlysanchez@wall-conner.com', 'wardmichele', '^UwDy%fO88', '2025-01-28'),
(45, 'hartmanrandall@gmail.com', 'zward', 'Dp7Ahd%+_D', '2020-09-18'),
(46, 'hayeslisa@yahoo.com', 'suzanneford', 'x6IbaJvk_s', '2021-03-07'),
(47, 'zmartin@hotmail.com', 'zachary65', 'T5s_3Hro!g', '2024-10-05'),
(48, 'michael03@gmail.com', 'veronicamoore', 'XCYuT3Fd!(', '2021-02-16'),
(49, 'sburton@yahoo.com', 'kristophergreen', 'Cc24W5wF*$', '2021-06-13'),
(50, 'vfitzpatrick@hamilton.com', 'ryanayers', '_k5Jp3pdfi', '2023-05-02');

-- Insert additional Customers
INSERT INTO Customers (CustomerID, UserID, Address) VALUES
(11, 11, '718 Jorge Centers, Scotthaven, NC 72546'),
(12, 12, '942 Chad Crest Suite 259, Markmouth, MD 11562'),
(13, 13, 'Unit 7159 Box 4926, DPO AA 88837'),
(14, 14, '3584 Walker Drive Suite 272, Bryanshire, IA 17229'),
(15, 15, '930 Robert Squares Suite 604, Stanleyhaven, PA 73392'),
(16, 16, '1779 Lawrence Well Suite 321, Saundersfurt, MN 99461'),
(17, 17, '6134 Vasquez Oval Apt. 017, Millerton, IA 81395'),
(18, 18, '412 Jerry Divide Apt. 189, Port Danaport, MT 85121'),
(19, 19, '4196 Washington Extensions, South Judithhaven, MD 04494'),
(20, 20, 'PSC 6723, Box 6625, APO AP 18378'),
(21, 21, '048 Graham Fields, Johnsonfort, WI 82824'),
(22, 22, '33314 George Inlet Apt. 142, Campbelltown, MO 71575'),
(23, 23, 'USNS Perez, FPO AE 82472'),
(24, 24, '79025 Edwin Landing, Goldenberg, NV 68601'),
(25, 25, 'Unit 7911 Box 2444, DPO AA 09962'),
(26, 26, '2505 Jacob Isle, South Angela, NJ 90228'),
(27, 27, '5194 Julie Rue, East Matthew, ME 15721'),
(28, 28, '53686 Casey Village, Port Steven, IA 21411'),
(29, 29, '45601 Allison Key, Wilsonview, KS 04999'),
(30, 30, 'PSC 2750, Box 0718, APO AP 33913'),
(31, 31, '08245 Stephen Fields, Brittanyfort, TN 00972'),
(32, 32, '09226 Marshall Turnpike, South Tanyatown, RI 39048'),
(33, 33, '832 Laura Course Suite 000, North Paulville, IN 50646'),
(34, 34, '7499 Karen Flats, North Joshuafurt, MT 78567'),
(35, 35, '069 Patrick Mountains Suite 955, Johnsonville, VT 71965'),
(36, 36, '58274 Samantha Station, Amberburgh, AL 09336'),
(37, 37, '523 Tate Run, Rachelberg, WI 92351'),
(38, 38, '84765 Moore Pine Apt. 529, Port Christopher, CO 36805'),
(39, 39, '39896 James Squares, Sarahberg, WA 74555'),
(40, 40, '2606 Pearson Fall Suite 411, New Kyle, MO 98557'),
(41, 41, 'Unit 9883 Box 1162, DPO AE 37773'),
(42, 42, '7441 Montes Lodge, East Adam, RI 62256'),
(43, 43, '769 Hale Squares, Owenston, ME 59101'),
(44, 44, '17747 Henry Via, Rebeccaville, MS 16232'),
(45, 45, '4745 Christina Ranch Apt. 985, Port Timothy, KY 89030'),
(46, 46, 'Unit 7378 Box 8903, DPO AE 90647'),
(47, 47, '41719 Kimberly Points, New Rebecca, HI 27590'),
(48, 48, '06462 Warren Branch Suite 176, Port Jessica, AZ 91190'),
(49, 49, '6793 Erica Streets Apt. 201, New Kevinville, OH 57520'),
(50, 50, '108 Gerald Crossing Apt. 072, Jillmouth, NJ 01409');

-- Insert additional Products
INSERT INTO Products (ProductID, Name, Description, Category, Cost, MSRP, StockQuantity, CreatedDate) VALUES
(12, 'Light Night', 'Letter member color ago side international institution.', 'Other', 350.79, 505.0, 220, '2024-03-20'),
(13, 'Room Couple', 'Somebody term Congress trip camera.', 'Home', 224.77, 385.68, 16, '2022-11-25'),
(14, 'Impact Heart', 'Describe reach would lead.', 'Home', 60.08, 74.98, 338, '2023-07-14'),
(15, 'Professional Music', 'Especially identify forward owner time.', 'Electronics', 304.07, 407.11, 92, '2024-01-20'),
(16, 'Summer Respond', 'Media agent point human administration since stop.', 'Electronics', 201.21, 309.64, 495, '2022-12-20'),
(17, 'Phone Be', 'Room resource major all.', 'Books', 279.31, 520.53, 480, '2023-02-03'),
(18, 'Usually Test', 'Single source red at interest ahead save.', 'Other', 253.43, 447.93, 226, '2024-02-26'),
(19, 'Check Trip', 'People authority surface list.', 'Clothing', 139.55, 177.72, 203, '2025-04-13'),
(20, 'Court Little', 'Goal lay capital speech policy political.', 'Clothing', 372.85, 566.85, 38, '2024-03-13'),
(21, 'Summer Reach', 'Else economy interesting argue could.', 'Clothing', 199.18, 370.08, 296, '2025-03-17'),
(22, 'Age Candidate', 'Kitchen energy worker put away quite pattern.', 'Other', 421.65, 781.42, 249, '2023-03-31'),
(23, 'Rich Heavy', 'Former Democrat how skin.', 'Books', 160.03, 274.21, 433, '2025-05-30'),
(24, 'Nearly Else', 'Exist cost still imagine between.', 'Books', 86.59, 159.56, 341, '2024-08-23'),
(25, 'Act Financial', 'Commercial become include.', 'Books', 101.39, 130.46, 49, '2024-07-26'),
(26, 'Event Reflect', 'Want along Republican when trade gas clearly.', 'Home', 303.58, 569.91, 24, '2025-06-12'),
(27, 'Yourself Determine', 'Why behavior open none reach few.', 'Clothing', 144.69, 236.32, 43, '2024-12-27'),
(28, 'Sit Top', 'Edge live none too occur huge.', 'Clothing', 300.57, 542.59, 168, '2022-11-27'),
(29, 'Term Station', 'Call according hour condition foot investment agree.', 'Clothing', 278.09, 475.73, 26, '2024-10-31'),
(30, 'Method Enjoy', 'Win late far soon cup leader onto.', 'Clothing', 138.24, 273.9, 299, '2023-04-25'),
(31, 'Goal Control', 'Case place wait.', 'Electronics', 284.05, 520.43, 33, '2024-02-21'),
(32, 'Morning Mind', 'Article pull suffer get.', 'Electronics', 160.72, 314.18, 14, '2024-01-26'),
(33, 'Visit List', 'Pay add about peace news food.', 'Home', 377.08, 741.71, 266, '2025-03-08'),
(34, 'Blue Join', 'Never art level position speech smile stock.', 'Clothing', 160.66, 243.0, 192, '2023-01-02'),
(35, 'None By', 'Necessary phone let.', 'Clothing', 352.82, 450.87, 218, '2024-07-21'),
(36, 'Model Senior', 'Central while reflect life wind type.', 'Other', 55.0, 101.53, 86, '2023-04-09'),
(37, 'Manage Writer', 'Language father sister evening word as discussion.', 'Electronics', 295.65, 445.16, 310, '2025-04-05'),
(38, 'Moment Girl', 'Evening Mrs American school.', 'Electronics', 148.61, 196.35, 247, '2023-04-29'),
(39, 'Party Respond', 'Check star point bar.', 'Electronics', 443.18, 564.89, 377, '2022-07-21'),
(40, 'Scene Improve', 'Official everything note answer although ability surface long.', 'Clothing', 442.78, 817.36, 344, '2023-11-04'),
(41, 'Response Soldier', 'Material choose drop feeling more along.', 'Clothing', 385.57, 512.36, 266, '2025-04-19'),
(42, 'Turn Upon', 'Make defense account.', 'Other', 496.18, 837.05, 277, '2024-06-25'),
(43, 'Bill Idea', 'Seem either every see mouth course.', 'Home', 226.5, 295.57, 158, '2025-02-23'),
(44, 'Moment Reveal', 'Space movement assume tax will start.', 'Home', 313.62, 612.22, 30, '2025-01-29'),
(45, 'Particular Defense', 'Race from process south big.', 'Books', 123.36, 246.42, 320, '2023-06-29'),
(46, 'Discuss Understand', 'Eight run product daughter.', 'Electronics', 479.22, 792.4, 264, '2024-05-07'),
(47, 'Matter Feel', 'Effort memory camera trade.', 'Electronics', 403.34, 530.03, 455, '2023-09-16'),
(48, 'Price Table', 'Laugh federal none eat although officer approach.', 'Home', 275.83, 544.81, 410, '2025-02-22'),
(49, 'As Modern', 'Star attack food five her me.', 'Electronics', 251.96, 394.03, 96, '2022-09-07'),
(50, 'Wall Weight', 'Many cut since choose free.', 'Home', 84.93, 120.95, 196, '2025-02-26'),
(51, 'Chair Purpose', 'Gas keep light star.', 'Home', 49.17, 66.05, 405, '2023-09-04'),
(52, 'Sport Rate', 'Who writer together.', 'Books', 132.68, 209.45, 141, '2023-10-07'),
(53, 'Worker Reduce', 'Accept likely walk section send.', 'Books', 326.89, 429.0, 73, '2022-10-10'),
(54, 'Evening Education', 'Hour various check range control environmental.', 'Other', 246.69, 367.76, 156, '2023-07-09'),
(55, 'Dinner Position', 'Story off indeed drug budget important.', 'Books', 207.47, 351.82, 358, '2025-05-21'),
(56, 'Strong Even', 'Treat require table role specific law.', 'Clothing', 223.21, 359.36, 329, '2024-10-26'),
(57, 'Majority Upon', 'Maybe attorney experience economy sound affect pressure.', 'Home', 189.97, 331.64, 269, '2023-01-13'),
(58, 'View Experience', 'Yourself magazine evening attorney apply better.', 'Books', 135.1, 256.75, 359, '2023-01-21'),
(59, 'Your Style', 'Head here feel summer writer.', 'Electronics', 312.2, 535.45, 389, '2022-10-20'),
(60, 'Check Team', 'Right yourself paper ability energy.', 'Clothing', 351.37, 579.28, 89, '2022-10-16'),
(61, 'Stuff Bad', 'Again kitchen out security common culture law.', 'Electronics', 148.88, 197.5, 214, '2025-03-25'),
(62, 'Them Community', 'Movement you treatment community professional.', 'Electronics', 115.41, 219.2, 352, '2024-09-05'),
(63, 'Itself Number', 'Prove quickly those.', 'Electronics', 177.72, 279.87, 283, '2025-04-10'),
(64, 'Focus Clearly', 'Building over management age whole minute.', 'Books', 59.01, 79.32, 65, '2024-09-19'),
(65, 'Heavy Us', 'Represent way produce nearly.', 'Books', 385.27, 523.8, 178, '2022-10-29'),
(66, 'Fill Ready', 'Professional alone draw technology area issue myself.', 'Electronics', 162.06, 323.66, 258, '2024-03-12'),
(67, 'Team Glass', 'Another around talk finally person he.', 'Clothing', 352.63, 557.5, 152, '2023-05-29'),
(68, 'Beat Whole', 'Continue eye voice national against full.', 'Books', 23.95, 31.72, 250, '2022-12-22'),
(69, 'Cup Song', 'Economic three establish condition full.', 'Clothing', 321.91, 468.75, 26, '2022-12-31'),
(70, 'Attorney Beyond', 'Know American green future.', 'Other', 388.23, 485.26, 423, '2024-12-15'),
(71, 'Fire Health', 'Claim when card relationship that.', 'Home', 395.83, 784.87, 119, '2024-02-05'),
(72, 'Interview Agree', 'Need exactly own candidate.', 'Electronics', 109.69, 133.64, 398, '2022-09-04'),
(73, 'Believe Anyone', 'Amount rest specific difference near.', 'Books', 138.57, 236.75, 52, '2022-11-16'),
(74, 'Three Others', 'Keep forget store expert sense major serve.', 'Clothing', 39.28, 59.86, 162, '2025-01-13'),
(75, 'Myself Upon', 'Get professional analysis note focus.', 'Books', 436.29, 706.71, 352, '2025-06-04'),
(76, 'Myself Project', 'Through create school rest management listen perhaps.', 'Home', 96.12, 119.48, 468, '2025-03-23'),
(77, 'Wind Act', 'Able first environment few phone young event.', 'Books', 174.3, 314.18, 94, '2023-04-28'),
(78, 'Very Majority', 'Scene teach almost scene really staff in.', 'Clothing', 177.89, 273.11, 253, '2024-01-01'),
(79, 'Anyone Perform', 'According success newspaper enjoy road.', 'Other', 345.97, 459.64, 366, '2024-01-08'),
(80, 'Born Continue', 'Language throw decision the hair draw.', 'Books', 180.57, 316.78, 209, '2022-11-24'),
(81, 'Tell Mrs', 'Effort degree management see who away.', 'Electronics', 282.65, 541.28, 111, '2025-06-01'),
(82, 'Degree Single', 'Leave type hit wait street family ahead edge.', 'Electronics', 362.75, 603.18, 84, '2024-06-16'),
(83, 'Nature Against', 'Gas behavior around season sure.', 'Home', 333.71, 620.3, 385, '2024-06-19'),
(84, 'Situation No', 'Most explain with.', 'Home', 12.02, 23.04, 488, '2023-01-19'),
(85, 'Thought Doctor', 'Suddenly near prove arrive music.', 'Clothing', 252.23, 366.52, 415, '2023-11-03'),
(86, 'Power Wide', 'Today begin our cost main.', 'Books', 135.09, 240.17, 240, '2023-04-07'),
(87, 'Art Politics', 'Building discover camera catch this.', 'Clothing', 318.98, 545.82, 306, '2023-03-30'),
(88, 'Sport Stage', 'Ground standard few already quickly open yes property.', 'Electronics', 23.06, 41.43, 106, '2024-01-10'),
(89, 'Back Group', 'Sit knowledge ten these.', 'Books', 349.74, 636.35, 317, '2024-06-06'),
(90, 'Bit Fight', 'Drug turn pretty more.', 'Books', 111.99, 153.18, 107, '2023-06-04'),
(91, 'Half Decide', 'Agent some fast.', 'Other', 477.78, 714.86, 196, '2023-01-12'),
(92, 'Economic Plan', 'Star physical take assume continue information.', 'Electronics', 154.46, 223.28, 429, '2025-05-24'),
(93, 'Board Attack', 'Reason old among through.', 'Electronics', 351.16, 603.69, 243, '2022-11-27'),
(94, 'I Financial', 'Listen become bill size rich.', 'Books', 208.14, 308.42, 287, '2023-06-16'),
(95, 'Accept Soon', 'Young production pick side writer cut.', 'Books', 263.97, 478.33, 68, '2024-04-04'),
(96, 'Chair Key', 'Sign story ask.', 'Clothing', 232.12, 347.83, 293, '2022-10-17'),
(97, 'Grow Peace', 'This language individual single age.', 'Other', 85.52, 132.44, 155, '2024-05-29'),
(98, 'Crime Himself', 'Describe military customer summer organization point west.', 'Books', 318.88, 561.76, 490, '2023-12-25'),
(99, 'Nation Control', 'Face billion within.', 'Electronics', 497.7, 918.13, 63, '2025-02-03'),
(100, 'Evidence Safe', 'Century direction would can.', 'Electronics', 326.56, 552.87, 220, '2023-07-04');

-- Insert additional Orders
INSERT INTO Orders (OrderID, CustomerID, OrderDate) VALUES
(11, 17, '2024-05-09 10:32:22'),
(12, 42, '2024-10-06 12:01:55'),
(13, 50, '2024-09-23 07:29:57'),
(14, 45, '2025-04-16 16:33:19'),
(15, 17, '2025-04-21 23:06:26'),
(16, 39, '2023-11-01 04:33:54'),
(17, 43, '2024-01-25 09:26:08'),
(18, 48, '2024-03-09 01:39:45'),
(19, 13, '2023-10-06 05:46:58'),
(20, 29, '2024-12-15 02:35:49'),
(21, 37, '2024-06-11 15:53:24'),
(22, 24, '2024-11-11 09:24:27'),
(23, 25, '2024-03-31 19:16:39'),
(24, 40, '2023-11-17 21:33:03'),
(25, 46, '2024-09-25 20:14:45'),
(26, 35, '2023-09-06 10:15:47'),
(27, 18, '2025-05-13 22:14:58'),
(28, 23, '2024-04-10 12:13:32'),
(29, 41, '2024-12-09 14:59:50'),
(30, 18, '2025-05-30 14:59:28'),
(31, 33, '2025-05-28 02:36:02'),
(32, 40, '2024-11-02 07:08:31'),
(33, 37, '2024-01-11 12:25:37'),
(34, 36, '2024-06-14 08:00:28'),
(35, 11, '2023-10-06 23:16:30'),
(36, 34, '2024-02-02 22:07:39'),
(37, 25, '2024-02-27 22:50:15'),
(38, 43, '2023-07-20 03:40:21'),
(39, 29, '2024-05-05 01:49:51'),
(40, 28, '2023-12-27 20:16:05'),
(41, 27, '2024-08-14 04:20:14'),
(42, 30, '2024-07-29 04:12:31'),
(43, 37, '2025-05-21 11:35:02'),
(44, 26, '2024-11-28 13:23:30'),
(45, 11, '2025-03-28 02:10:25'),
(46, 37, '2023-09-18 22:46:01'),
(47, 13, '2024-11-16 03:09:04'),
(48, 11, '2023-12-17 00:57:28'),
(49, 12, '2023-07-09 18:02:47'),
(50, 20, '2024-12-20 23:49:16'),
(51, 34, '2024-06-12 23:48:23'),
(52, 44, '2024-03-17 07:56:10'),
(53, 49, '2023-12-24 06:18:20'),
(54, 31, '2023-08-14 00:18:04'),
(55, 32, '2023-06-19 22:19:36'),
(56, 21, '2025-02-18 07:56:42'),
(57, 47, '2024-04-27 09:41:01'),
(58, 38, '2024-03-04 21:53:02'),
(59, 26, '2024-12-24 20:36:10'),
(60, 46, '2024-01-10 09:01:39'),
(61, 36, '2024-10-14 22:58:20'),
(62, 23, '2025-03-08 15:57:22'),
(63, 50, '2024-05-19 12:37:33'),
(64, 36, '2024-01-17 23:08:10'),
(65, 14, '2024-11-18 15:51:28'),
(66, 47, '2023-07-25 00:40:19'),
(67, 38, '2023-10-18 00:19:27'),
(68, 19, '2024-03-23 07:54:08'),
(69, 35, '2023-06-22 13:34:44'),
(70, 22, '2025-04-22 03:09:59'),
(71, 36, '2025-05-03 21:05:51'),
(72, 31, '2023-10-10 12:20:13'),
(73, 44, '2024-07-07 23:16:04'),
(74, 21, '2024-08-10 14:29:34'),
(75, 38, '2025-03-16 06:53:17'),
(76, 25, '2023-09-18 20:48:15'),
(77, 17, '2024-04-07 10:47:55'),
(78, 19, '2024-07-27 00:45:16'),
(79, 43, '2023-10-13 22:30:04'),
(80, 18, '2024-02-24 00:38:09'),
(81, 47, '2024-10-01 17:51:24'),
(82, 36, '2023-11-03 21:06:53'),
(83, 27, '2024-12-10 03:07:56'),
(84, 46, '2024-11-19 02:59:49'),
(85, 21, '2023-10-09 05:33:27'),
(86, 31, '2023-10-23 12:41:02'),
(87, 24, '2024-05-23 20:56:46'),
(88, 16, '2023-08-30 02:01:29'),
(89, 16, '2024-08-23 00:01:41'),
(90, 12, '2024-08-03 03:57:57'),
(91, 38, '2024-05-21 03:31:17'),
(92, 11, '2023-11-19 17:22:58'),
(93, 48, '2023-07-13 04:13:20'),
(94, 20, '2025-04-22 19:47:38'),
(95, 12, '2024-01-09 11:18:08'),
(96, 50, '2024-05-10 08:28:52'),
(97, 45, '2023-09-17 15:37:43'),
(98, 16, '2023-12-05 12:18:55'),
(99, 47, '2024-02-25 02:19:05'),
(100, 35, '2023-07-07 20:38:21'),
(101, 12, '2024-01-14 23:47:35'),
(102, 19, '2025-01-11 18:03:37'),
(103, 40, '2023-10-20 05:04:43'),
(104, 33, '2025-01-30 10:41:30'),
(105, 22, '2023-10-21 22:23:00'),
(106, 26, '2023-08-21 07:02:53'),
(107, 25, '2025-01-11 20:52:19'),
(108, 30, '2023-06-24 15:06:29'),
(109, 23, '2025-05-24 08:54:11'),
(110, 45, '2024-07-22 23:30:58'),
(111, 26, '2023-07-21 06:52:35'),
(112, 35, '2024-06-15 09:14:33'),
(113, 27, '2024-12-18 12:47:07'),
(114, 14, '2024-02-11 03:12:55'),
(115, 28, '2023-12-20 15:15:55'),
(116, 16, '2024-07-25 13:33:16'),
(117, 20, '2024-10-18 13:45:31'),
(118, 12, '2024-08-24 05:18:00'),
(119, 48, '2023-07-16 08:01:00'),
(120, 17, '2024-10-24 00:35:03'),
(121, 18, '2025-03-17 07:41:50'),
(122, 40, '2024-04-20 21:59:26'),
(123, 49, '2024-03-20 08:50:25'),
(124, 18, '2025-03-12 21:25:15'),
(125, 17, '2024-11-25 11:49:44'),
(126, 20, '2023-12-27 05:32:36'),
(127, 29, '2024-12-23 03:18:01'),
(128, 27, '2025-03-12 11:25:43'),
(129, 22, '2024-02-23 11:35:37'),
(130, 16, '2025-03-25 16:26:54'),
(131, 15, '2024-07-07 21:14:19'),
(132, 42, '2023-11-11 03:36:11'),
(133, 34, '2023-09-22 12:46:05'),
(134, 24, '2023-10-24 08:17:10'),
(135, 36, '2024-08-27 08:58:45'),
(136, 17, '2024-01-12 21:18:54'),
(137, 42, '2024-10-21 18:54:13'),
(138, 12, '2025-05-02 02:54:27'),
(139, 37, '2024-06-20 11:30:05'),
(140, 15, '2025-04-18 17:58:37'),
(141, 42, '2024-10-05 21:21:41'),
(142, 15, '2025-06-03 13:45:21'),
(143, 24, '2023-09-07 22:37:26'),
(144, 37, '2024-09-18 15:25:15'),
(145, 35, '2025-02-11 12:42:12'),
(146, 31, '2023-06-22 01:17:23'),
(147, 39, '2024-01-20 21:13:05'),
(148, 21, '2024-05-06 01:48:31'),
(149, 22, '2024-07-24 05:18:13'),
(150, 30, '2025-05-20 20:38:00'),
(151, 11, '2023-10-12 16:29:06'),
(152, 22, '2025-01-09 01:51:39'),
(153, 47, '2023-10-11 02:47:32'),
(154, 49, '2025-01-18 11:24:01'),
(155, 13, '2025-01-10 08:36:33'),
(156, 18, '2024-06-05 10:03:53'),
(157, 32, '2024-09-23 05:28:55'),
(158, 33, '2025-03-22 11:46:33'),
(159, 41, '2024-03-22 23:45:21'),
(160, 50, '2024-05-06 11:38:43'),
(161, 49, '2024-11-06 15:35:46'),
(162, 45, '2024-02-07 05:58:12'),
(163, 11, '2024-05-27 07:10:25'),
(164, 21, '2025-03-01 13:50:28'),
(165, 44, '2025-06-09 17:03:27'),
(166, 27, '2024-04-24 00:18:09'),
(167, 18, '2025-06-12 01:14:19'),
(168, 23, '2023-07-05 01:08:49'),
(169, 49, '2024-05-23 11:48:01'),
(170, 12, '2024-07-20 09:33:18'),
(171, 45, '2024-08-06 15:20:06'),
(172, 12, '2023-11-16 07:59:00'),
(173, 44, '2025-05-02 07:12:52'),
(174, 43, '2024-03-29 02:45:41'),
(175, 20, '2024-09-12 19:24:58'),
(176, 24, '2023-07-28 18:13:05'),
(177, 34, '2023-09-16 15:56:09'),
(178, 18, '2024-07-15 11:04:27'),
(179, 24, '2025-02-22 09:29:45'),
(180, 12, '2024-02-25 17:16:05'),
(181, 31, '2023-08-22 11:48:46'),
(182, 19, '2024-09-22 23:03:44'),
(183, 25, '2023-08-13 19:40:27'),
(184, 16, '2024-01-07 05:00:47'),
(185, 19, '2025-01-09 09:35:09'),
(186, 28, '2024-06-17 21:02:37'),
(187, 28, '2023-06-25 17:12:26'),
(188, 41, '2025-01-13 14:18:52'),
(189, 23, '2024-03-21 07:26:28'),
(190, 16, '2025-01-30 16:59:34'),
(191, 33, '2024-04-06 09:45:54'),
(192, 46, '2025-04-14 04:02:29'),
(193, 29, '2024-06-23 17:15:08'),
(194, 40, '2023-09-18 03:29:17'),
(195, 42, '2023-07-19 23:44:34'),
(196, 38, '2024-04-27 17:16:30'),
(197, 43, '2024-04-19 20:02:10'),
(198, 36, '2023-10-11 08:34:56'),
(199, 23, '2025-05-23 05:08:30'),
(200, 27, '2023-11-16 00:35:09'),
(201, 22, '2024-01-26 19:17:22'),
(202, 23, '2024-10-18 03:57:06'),
(203, 28, '2025-05-18 01:52:27'),
(204, 36, '2024-06-09 06:03:29'),
(205, 17, '2024-09-20 18:54:32'),
(206, 48, '2025-01-26 05:11:29'),
(207, 48, '2023-11-28 23:01:02'),
(208, 30, '2024-12-12 17:39:40'),
(209, 21, '2023-11-06 10:33:57'),
(210, 24, '2025-01-04 22:07:22');

-- Insert additional Payments
INSERT INTO Payments (PaymentID, OrderID, PaymentAmount, PaymentDate) VALUES
(11, 11, 1908.45, '2024-01-10 20:44:31'),
(12, 12, 985.91, '2024-05-05 06:39:27'),
(13, 13, 1768.06, '2025-02-04 00:30:24'),
(14, 14, 859.0, '2023-11-28 13:55:14'),
(15, 15, 1499.22, '2024-07-06 00:09:20'),
(16, 16, 1635.47, '2024-09-06 07:49:08'),
(17, 17, 1253.36, '2024-06-30 05:16:57'),
(18, 18, 1222.45, '2024-03-01 19:51:02'),
(19, 19, 870.04, '2024-08-10 10:11:43'),
(20, 20, 1142.94, '2024-05-16 02:28:28'),
(21, 21, 760.44, '2024-03-12 05:22:02'),
(22, 22, 1272.74, '2025-05-03 10:49:19'),
(23, 23, 147.25, '2025-04-05 11:12:03'),
(24, 24, 351.15, '2023-07-16 11:27:15'),
(25, 25, 86.84, '2024-08-18 22:38:22'),
(26, 26, 1032.49, '2024-10-05 04:48:00'),
(27, 27, 1182.0, '2023-11-23 03:14:21'),
(28, 28, 601.08, '2023-12-07 09:11:26'),
(29, 29, 1656.84, '2024-06-25 23:56:32'),
(30, 30, 1297.29, '2024-06-23 13:10:27'),
(31, 31, 1930.99, '2023-10-14 02:43:52'),
(32, 32, 717.46, '2024-04-23 12:50:54'),
(33, 33, 79.28, '2024-08-04 15:02:08'),
(34, 34, 376.21, '2024-12-10 19:47:55'),
(35, 35, 658.91, '2024-08-15 05:38:45'),
(36, 36, 1585.97, '2023-09-29 23:02:10'),
(37, 37, 728.33, '2025-05-13 18:05:17'),
(38, 38, 163.83, '2023-11-07 01:39:22'),
(39, 39, 1320.77, '2023-09-21 23:42:38'),
(40, 40, 756.49, '2024-12-09 23:32:30'),
(41, 41, 1563.44, '2025-02-11 06:59:56'),
(42, 42, 262.16, '2025-01-21 21:22:36'),
(43, 43, 650.81, '2025-03-17 21:45:13'),
(44, 44, 41.58, '2025-06-03 08:59:37'),
(45, 45, 671.16, '2024-04-24 09:51:50'),
(46, 46, 941.45, '2023-09-24 12:17:17'),
(47, 47, 1594.57, '2023-08-19 09:04:59'),
(48, 48, 1799.51, '2024-12-03 18:16:02'),
(49, 49, 1132.05, '2025-03-29 22:37:35'),
(50, 50, 783.47, '2024-10-24 17:46:29'),
(51, 51, 1211.57, '2024-05-30 17:43:14'),
(52, 52, 1063.98, '2023-11-24 10:56:57'),
(53, 53, 223.78, '2024-10-05 15:42:42'),
(54, 54, 570.54, '2024-08-29 02:23:42'),
(55, 55, 1223.65, '2024-09-24 17:02:50'),
(56, 56, 1769.05, '2024-09-11 12:22:23'),
(57, 57, 1722.63, '2024-07-10 07:00:39'),
(58, 58, 168.15, '2024-08-24 23:18:15'),
(59, 59, 1787.47, '2023-08-21 11:27:59'),
(60, 60, 855.07, '2024-02-19 08:10:53'),
(61, 61, 1517.28, '2024-01-05 00:24:57'),
(62, 62, 649.21, '2024-04-09 22:58:23'),
(63, 63, 653.84, '2024-11-22 10:41:14'),
(64, 64, 410.3, '2024-07-12 08:46:36'),
(65, 65, 1609.4, '2024-09-22 10:55:01'),
(66, 66, 1007.33, '2023-08-01 13:52:23'),
(67, 67, 1980.71, '2025-01-26 14:29:49'),
(68, 68, 854.05, '2025-06-09 17:33:06'),
(69, 69, 265.7, '2025-03-18 13:42:10'),
(70, 70, 358.86, '2024-05-11 19:24:35'),
(71, 71, 667.21, '2024-07-06 06:50:51'),
(72, 72, 778.06, '2025-03-28 20:57:11'),
(73, 73, 1161.3, '2023-12-01 01:08:53'),
(74, 74, 584.37, '2024-02-07 23:11:44'),
(75, 75, 1294.46, '2025-02-10 14:24:11'),
(76, 76, 1715.08, '2025-04-27 04:20:36'),
(77, 77, 1976.15, '2025-01-04 13:34:32'),
(78, 78, 1825.05, '2023-10-09 10:55:13'),
(79, 79, 583.04, '2024-12-01 22:46:03'),
(80, 80, 1686.45, '2023-09-14 20:57:37'),
(81, 81, 817.57, '2025-04-19 12:06:35'),
(82, 82, 1793.74, '2024-05-19 00:47:26'),
(83, 83, 1837.71, '2023-12-15 15:55:07'),
(84, 84, 97.46, '2023-07-19 03:25:09'),
(85, 85, 1296.66, '2025-06-12 03:32:14'),
(86, 86, 157.52, '2023-11-17 12:38:58'),
(87, 87, 208.34, '2024-03-08 03:50:29'),
(88, 88, 1608.98, '2023-09-28 08:56:00'),
(89, 89, 1452.04, '2024-09-28 11:27:03'),
(90, 90, 563.85, '2024-04-29 01:10:47'),
(91, 91, 1512.31, '2024-07-06 18:26:16'),
(92, 92, 812.68, '2024-01-24 15:10:42'),
(93, 93, 1121.77, '2024-11-24 16:58:17'),
(94, 94, 640.09, '2024-06-23 13:58:11'),
(95, 95, 1232.39, '2025-06-07 20:21:31'),
(96, 96, 798.79, '2024-06-15 12:54:56'),
(97, 97, 1398.98, '2023-09-06 05:28:03'),
(98, 98, 920.07, '2024-04-04 23:15:00'),
(99, 99, 1700.37, '2023-07-25 16:03:52'),
(100, 100, 1934.96, '2024-08-21 20:36:18'),
(101, 101, 260.4, '2024-08-06 20:46:08'),
(102, 102, 760.33, '2024-01-17 05:33:47'),
(103, 103, 1243.59, '2024-08-17 06:37:27'),
(104, 104, 77.99, '2023-07-20 12:04:09'),
(105, 105, 114.71, '2025-04-17 13:30:49'),
(106, 106, 40.58, '2024-05-17 10:22:53'),
(107, 107, 228.17, '2024-03-24 03:32:48'),
(108, 108, 659.26, '2025-02-10 10:02:26'),
(109, 109, 1381.45, '2024-08-14 23:04:37'),
(110, 110, 882.65, '2024-08-01 05:44:01'),
(111, 111, 356.98, '2024-02-09 09:14:13'),
(112, 112, 398.5, '2023-10-20 10:07:25'),
(113, 113, 1806.51, '2024-10-19 05:08:03'),
(114, 114, 750.38, '2024-03-04 21:57:30'),
(115, 115, 1807.7, '2024-12-11 10:18:48'),
(116, 116, 1979.34, '2025-05-14 19:16:33'),
(117, 117, 1869.54, '2023-08-19 08:34:14'),
(118, 118, 1738.67, '2024-09-09 23:27:24'),
(119, 119, 534.18, '2023-09-22 04:49:21'),
(120, 120, 1574.19, '2024-05-20 12:42:30'),
(121, 121, 239.39, '2024-03-10 21:22:39'),
(122, 122, 1895.35, '2024-08-10 05:17:10'),
(123, 123, 168.58, '2025-01-23 22:53:59'),
(124, 124, 672.07, '2024-01-12 15:53:38'),
(125, 125, 1233.25, '2024-10-29 04:54:14'),
(126, 126, 1628.72, '2024-05-20 11:41:48'),
(127, 127, 554.43, '2025-04-26 18:57:58'),
(128, 128, 357.27, '2023-09-01 11:15:49'),
(129, 129, 292.77, '2024-12-15 06:52:53'),
(130, 130, 932.17, '2025-02-15 16:58:15'),
(131, 131, 270.05, '2024-12-27 13:03:40'),
(132, 132, 1726.55, '2025-05-11 17:03:47'),
(133, 133, 1511.01, '2023-11-02 01:12:47'),
(134, 134, 1777.84, '2024-01-24 00:00:17'),
(135, 135, 1932.36, '2024-03-15 03:25:42'),
(136, 136, 838.32, '2023-06-25 20:22:33'),
(137, 137, 904.62, '2025-03-25 15:16:25'),
(138, 138, 262.3, '2023-08-25 11:56:43'),
(139, 139, 1064.63, '2023-09-08 05:51:56'),
(140, 140, 1164.21, '2024-08-27 11:44:42'),
(141, 141, 1329.31, '2024-06-06 19:06:25'),
(142, 142, 1953.17, '2023-11-27 07:20:49'),
(143, 143, 657.38, '2025-01-19 03:49:46'),
(144, 144, 1467.11, '2023-06-25 23:59:14'),
(145, 145, 467.14, '2023-07-13 21:07:03'),
(146, 146, 542.35, '2024-07-17 10:26:31'),
(147, 147, 606.54, '2025-02-21 13:19:54'),
(148, 148, 183.93, '2023-09-25 09:20:54'),
(149, 149, 1125.86, '2023-10-12 11:49:13'),
(150, 150, 1748.29, '2024-09-29 20:00:07'),
(151, 151, 1325.77, '2024-05-18 00:27:27'),
(152, 152, 1475.83, '2024-07-29 02:23:26'),
(153, 153, 427.66, '2023-07-20 23:28:04'),
(154, 154, 174.47, '2023-07-01 11:58:17'),
(155, 155, 1944.1, '2024-05-26 15:56:00'),
(156, 156, 139.33, '2025-02-09 03:10:47'),
(157, 157, 45.99, '2023-12-15 07:03:46'),
(158, 158, 447.95, '2024-12-11 18:52:37'),
(159, 159, 1640.65, '2023-09-04 16:33:58'),
(160, 160, 392.08, '2023-06-29 11:15:10'),
(161, 161, 226.98, '2023-08-25 01:10:32'),
(162, 162, 433.15, '2023-08-15 02:01:46'),
(163, 163, 1189.24, '2025-03-21 13:46:47'),
(164, 164, 1064.74, '2024-10-11 19:23:20'),
(165, 165, 1719.75, '2023-08-11 10:37:14'),
(166, 166, 1525.77, '2023-12-10 10:35:27'),
(167, 167, 637.41, '2024-11-15 12:13:20'),
(168, 168, 918.96, '2025-01-14 04:44:56'),
(169, 169, 324.92, '2025-01-23 02:55:13'),
(170, 170, 1018.93, '2024-10-09 14:08:14'),
(171, 171, 1829.97, '2023-07-06 04:42:19'),
(172, 172, 453.19, '2025-02-28 12:48:44'),
(173, 173, 740.01, '2025-05-29 08:27:01'),
(174, 174, 1950.63, '2024-02-10 07:46:24'),
(175, 175, 1738.36, '2024-11-14 22:58:37'),
(176, 176, 1036.66, '2024-06-27 13:30:54'),
(177, 177, 1564.44, '2024-02-18 22:29:05'),
(178, 178, 392.15, '2025-03-27 06:32:14'),
(179, 179, 570.12, '2024-03-01 03:07:48'),
(180, 180, 345.11, '2024-01-23 19:14:27'),
(181, 181, 628.15, '2024-09-18 02:38:20'),
(182, 182, 1742.27, '2023-09-06 08:10:35'),
(183, 183, 1303.8, '2024-10-26 06:07:56'),
(184, 184, 311.63, '2023-08-21 04:49:07'),
(185, 185, 1754.87, '2023-07-13 17:14:50'),
(186, 186, 1495.15, '2024-03-17 04:13:39'),
(187, 187, 496.31, '2024-06-09 21:22:21'),
(188, 188, 1790.31, '2024-10-12 04:51:52'),
(189, 189, 390.32, '2024-07-11 21:11:43'),
(190, 190, 76.6, '2023-08-12 18:40:34'),
(191, 191, 1330.53, '2024-03-01 15:31:03'),
(192, 192, 916.23, '2023-07-05 19:46:16'),
(193, 193, 545.85, '2023-09-29 13:17:39'),
(194, 194, 1855.32, '2024-07-22 18:28:12'),
(195, 195, 186.45, '2025-06-07 15:00:09'),
(196, 196, 874.32, '2025-05-06 17:04:08'),
(197, 197, 318.23, '2024-02-07 19:36:23'),
(198, 198, 1014.34, '2025-01-14 16:41:04'),
(199, 199, 1025.7, '2023-10-19 12:03:54'),
(200, 200, 125.25, '2023-10-24 16:03:31'),
(201, 201, 559.73, '2023-06-30 09:23:19'),
(202, 202, 213.67, '2023-09-23 21:14:36'),
(203, 203, 1304.27, '2025-05-07 05:00:55'),
(204, 204, 1469.36, '2025-01-21 10:22:48'),
(205, 205, 856.72, '2023-09-13 00:37:01'),
(206, 206, 602.13, '2024-09-17 16:54:22'),
(207, 207, 817.33, '2024-09-13 22:04:51'),
(208, 208, 1196.22, '2024-05-24 13:39:30'),
(209, 209, 1068.53, '2023-12-24 02:02:13'),
(210, 210, 997.36, '2024-06-06 23:34:11');

-- Insert additional LineItems
INSERT INTO LineItems (OrderID, ProductID, LinePrice, Quantity) VALUES
(11, 24, 131.98, 1),
(11, 98, 117.59, 1),
(11, 17, 448.58, 5),
(11, 93, 140.43, 1),
(12, 23, 360.75, 4),
(12, 46, 202.51, 2),
(12, 39, 369.62, 3),
(12, 90, 252.63, 2),
(12, 100, 395.01, 3),
(13, 87, 56.18, 5),
(13, 47, 454.81, 5),
(13, 11, 243.61, 3),
(14, 32, 343.91, 2),
(14, 51, 101.8, 4),
(15, 12, 242.55, 3),
(15, 96, 20.21, 3),
(16, 32, 342.81, 1),
(17, 56, 437.88, 4),
(17, 71, 63.6, 1),
(17, 85, 287.96, 3),
(17, 11, 419.33, 5),
(17, 73, 256.54, 2),
(18, 23, 159.26, 3),
(19, 73, 335.07, 3),
(19, 55, 188.5, 1),
(19, 80, 415.6, 3),
(19, 43, 357.98, 5),
(20, 72, 366.83, 1),
(20, 25, 82.47, 4),
(20, 45, 429.57, 2),
(20, 98, 185.03, 1),
(20, 77, 129.74, 4),
(21, 37, 461.12, 4),
(21, 22, 322.98, 3),
(21, 35, 439.8, 5),
(22, 78, 180.93, 3),
(22, 33, 201.6, 4),
(22, 44, 473.18, 3),
(22, 97, 161.57, 1),
(23, 77, 222.4, 4),
(23, 100, 287.66, 3),
(23, 54, 151.32, 1),
(23, 89, 254.47, 2),
(23, 26, 238.5, 2),
(24, 48, 158.79, 3),
(24, 90, 41.66, 3),
(24, 82, 17.64, 1),
(24, 96, 116.49, 5),
(24, 31, 70.48, 4),
(25, 11, 333.52, 1),
(25, 66, 34.45, 2),
(25, 56, 181.61, 3),
(26, 96, 79.9, 2),
(26, 82, 221.7, 1),
(26, 30, 152.49, 1),
(26, 22, 241.86, 3),
(26, 45, 131.88, 4),
(27, 62, 302.55, 2),
(27, 23, 286.31, 3),
(27, 44, 404.15, 2),
(27, 49, 344.83, 2),
(28, 28, 107.77, 3),
(28, 64, 51.94, 5),
(28, 81, 464.29, 4),
(29, 34, 268.02, 3),
(29, 59, 256.87, 3),
(29, 66, 239.51, 4),
(29, 23, 238.61, 4),
(29, 28, 236.03, 5),
(30, 64, 53.33, 2),
(31, 49, 72.36, 5),
(31, 42, 450.96, 3),
(31, 85, 36.23, 4),
(31, 76, 71.71, 1),
(31, 58, 236.78, 5),
(32, 17, 416.65, 1),
(32, 21, 173.41, 1),
(32, 18, 412.75, 5),
(32, 45, 245.92, 3),
(33, 26, 372.83, 5),
(34, 100, 110.48, 2),
(35, 74, 427.61, 3),
(35, 28, 317.84, 1),
(35, 39, 404.75, 5),
(35, 97, 347.01, 1),
(35, 92, 42.9, 2),
(36, 26, 60.77, 1),
(36, 77, 418.04, 4),
(36, 23, 201.45, 1),
(36, 42, 156.96, 4),
(36, 37, 491.52, 2),
(37, 44, 312.41, 4),
(37, 89, 81.66, 1),
(37, 98, 100.56, 2),
(37, 67, 93.68, 5),
(37, 95, 108.17, 4),
(38, 48, 479.95, 4),
(38, 96, 190.0, 3),
(38, 23, 201.68, 1),
(39, 64, 148.88, 1),
(39, 65, 286.46, 1),
(39, 29, 294.46, 1),
(39, 14, 326.1, 5),
(40, 16, 442.39, 4),
(40, 56, 145.68, 2),
(40, 28, 185.3, 5),
(40, 70, 113.28, 5),
(41, 76, 84.19, 5),
(41, 19, 176.25, 2),
(41, 33, 146.39, 3),
(41, 94, 462.5, 1),
(42, 59, 98.38, 5),
(42, 71, 389.95, 5),
(42, 88, 137.02, 3),
(42, 95, 298.54, 5),
(43, 85, 43.11, 1),
(43, 90, 427.5, 2),
(43, 62, 123.54, 1),
(44, 97, 490.85, 2),
(44, 71, 61.66, 2),
(44, 52, 366.8, 4),
(44, 40, 380.35, 4),
(45, 18, 309.83, 1),
(46, 20, 226.35, 3),
(47, 91, 352.38, 4),
(47, 14, 75.28, 5),
(47, 33, 282.67, 2),
(47, 52, 133.72, 4),
(47, 24, 342.64, 2),
(48, 31, 408.78, 2),
(48, 66, 52.15, 1),
(49, 37, 26.29, 2),
(50, 57, 389.45, 5),
(51, 20, 268.8, 2),
(51, 54, 417.88, 5),
(51, 34, 415.51, 5),
(51, 98, 182.53, 5),
(51, 93, 450.88, 2),
(52, 67, 219.48, 4),
(53, 83, 48.29, 5),
(54, 23, 122.98, 5),
(54, 26, 274.86, 1),
(54, 74, 119.77, 3),
(55, 60, 437.5, 2),
(55, 56, 484.38, 1),
(55, 19, 271.87, 2),
(56, 89, 37.76, 1),
(56, 75, 295.56, 3),
(56, 50, 330.08, 1),
(56, 62, 175.64, 3),
(56, 90, 108.25, 1),
(57, 37, 410.21, 3),
(57, 81, 462.85, 1),
(58, 74, 404.77, 5),
(58, 20, 453.12, 1),
(59, 20, 372.25, 1),
(59, 64, 444.88, 4),
(59, 87, 473.83, 3),
(60, 24, 27.44, 5),
(61, 94, 221.44, 3),
(61, 55, 392.96, 2),
(62, 18, 22.91, 2),
(63, 88, 246.26, 4),
(63, 59, 385.18, 2),
(63, 98, 220.56, 4),
(63, 13, 279.28, 1),
(63, 81, 224.6, 5),
(64, 56, 223.9, 1),
(64, 35, 126.7, 1),
(64, 54, 298.42, 2),
(65, 79, 437.9, 2),
(65, 83, 408.18, 1),
(65, 16, 37.76, 4),
(65, 12, 98.49, 1),
(66, 55, 446.31, 3),
(66, 88, 73.56, 4),
(66, 94, 244.56, 1),
(67, 20, 132.6, 5),
(68, 74, 449.84, 2),
(68, 56, 227.34, 3),
(69, 81, 129.66, 3),
(69, 48, 166.24, 5),
(69, 94, 256.69, 1),
(70, 63, 147.09, 2),
(70, 90, 456.9, 5),
(70, 73, 122.96, 5),
(71, 26, 365.21, 2),
(71, 58, 27.58, 2),
(72, 94, 254.46, 1),
(72, 69, 142.45, 5),
(72, 25, 198.25, 1),
(72, 13, 39.26, 5),
(73, 74, 227.57, 2),
(73, 13, 110.81, 2),
(73, 59, 333.36, 5),
(73, 60, 35.61, 3),
(74, 80, 383.87, 1),
(75, 54, 177.06, 5),
(75, 44, 222.7, 4),
(75, 86, 393.48, 1),
(75, 38, 405.62, 5),
(75, 14, 200.17, 3),
(76, 70, 137.45, 4),
(76, 65, 238.99, 2),
(76, 84, 74.62, 1),
(76, 83, 147.54, 3),
(76, 77, 51.91, 2),
(77, 48, 311.62, 3),
(77, 54, 141.69, 3),
(77, 84, 393.39, 5),
(77, 61, 16.05, 3),
(77, 15, 288.54, 3),
(78, 33, 18.46, 1),
(78, 67, 238.56, 3),
(78, 70, 245.3, 5),
(79, 63, 293.99, 1),
(79, 18, 145.46, 5),
(80, 51, 385.33, 3),
(80, 19, 137.17, 4),
(80, 67, 72.34, 2),
(80, 34, 81.98, 5),
(80, 44, 331.43, 2),
(81, 94, 28.87, 5),
(82, 85, 361.51, 1),
(82, 51, 476.33, 3),
(82, 16, 487.89, 1),
(82, 81, 342.41, 3),
(83, 16, 47.96, 4),
(83, 87, 65.46, 1),
(83, 41, 126.12, 3),
(83, 55, 289.48, 4),
(83, 24, 44.98, 4),
(84, 29, 307.41, 3),
(84, 14, 174.14, 4),
(84, 52, 449.72, 3),
(85, 48, 190.47, 3),
(85, 90, 465.85, 5),
(85, 14, 22.51, 5),
(85, 31, 113.63, 3),
(86, 76, 417.06, 1),
(86, 85, 331.96, 2),
(86, 55, 196.73, 1),
(86, 38, 478.04, 2),
(86, 59, 287.05, 5),
(87, 64, 307.48, 5),
(87, 79, 264.96, 3),
(87, 26, 141.9, 5),
(87, 78, 153.6, 2),
(87, 17, 171.06, 3),
(88, 69, 376.61, 1),
(88, 51, 349.61, 4),
(89, 57, 257.77, 3),
(89, 21, 330.13, 5),
(89, 56, 122.87, 4),
(89, 82, 122.58, 2),
(90, 42, 77.69, 3),
(90, 63, 399.97, 3),
(90, 97, 163.78, 1),
(90, 85, 210.17, 5),
(90, 96, 491.79, 5),
(91, 91, 17.6, 1),
(91, 36, 215.13, 5),
(91, 34, 358.58, 4),
(91, 69, 374.0, 2),
(92, 66, 21.73, 2),
(93, 27, 262.3, 5),
(94, 65, 351.5, 2),
(94, 56, 358.87, 1),
(94, 27, 175.04, 3),
(94, 62, 299.82, 5),
(95, 16, 46.14, 3),
(96, 63, 151.75, 4),
(96, 91, 353.06, 2),
(96, 68, 364.62, 5),
(96, 66, 459.01, 5),
(97, 30, 448.84, 5),
(98, 58, 167.01, 2),
(98, 97, 259.25, 5),
(98, 94, 146.86, 1),
(98, 69, 123.81, 4),
(98, 59, 177.15, 5),
(99, 78, 168.17, 3),
(99, 85, 381.08, 2),
(99, 76, 30.55, 2),
(99, 65, 220.96, 3),
(99, 47, 291.82, 5),
(100, 23, 91.14, 3),
(100, 55, 144.19, 4),
(100, 47, 119.58, 2),
(101, 44, 463.01, 3),
(101, 88, 79.09, 2),
(101, 24, 280.56, 5),
(102, 14, 452.25, 5),
(102, 87, 273.58, 2),
(103, 73, 417.93, 1),
(104, 37, 218.99, 4),
(104, 47, 265.24, 4),
(104, 84, 154.52, 1),
(105, 67, 445.55, 4),
(106, 22, 368.5, 1),
(106, 28, 484.54, 1),
(106, 46, 374.7, 2),
(107, 52, 86.8, 3),
(108, 69, 339.32, 1),
(108, 91, 356.34, 3),
(108, 76, 447.21, 1),
(109, 23, 422.3, 1),
(109, 77, 475.1, 1),
(109, 51, 130.5, 5),
(109, 35, 194.34, 2),
(110, 44, 84.2, 2),
(110, 71, 369.44, 3),
(111, 36, 439.17, 5),
(111, 92, 430.01, 2),
(112, 66, 42.96, 5),
(113, 37, 138.91, 4),
(113, 33, 319.2, 2),
(113, 15, 322.48, 4),
(113, 64, 269.93, 2),
(113, 99, 440.17, 2),
(114, 96, 202.18, 3),
(114, 73, 276.27, 3),
(114, 91, 57.3, 1),
(115, 64, 131.22, 4),
(115, 68, 66.75, 4),
(115, 52, 478.59, 1),
(116, 100, 389.1, 4),
(116, 61, 421.66, 4),
(116, 27, 304.52, 2),
(117, 48, 141.28, 2),
(118, 18, 340.74, 4),
(118, 82, 201.78, 4),
(118, 52, 218.35, 3),
(118, 44, 457.06, 3),
(119, 39, 161.17, 4),
(119, 54, 118.44, 2),
(119, 92, 272.65, 1),
(119, 16, 474.46, 5),
(120, 53, 475.64, 1),
(120, 27, 403.18, 1),
(120, 88, 392.41, 3),
(120, 80, 456.99, 5),
(120, 13, 41.1, 1),
(121, 37, 420.69, 4),
(121, 57, 431.26, 2),
(121, 79, 152.19, 2),
(121, 36, 456.22, 3),
(121, 31, 212.56, 5),
(122, 12, 424.29, 5),
(122, 15, 60.24, 4),
(123, 16, 21.88, 2),
(123, 31, 26.55, 1),
(123, 47, 408.37, 4),
(123, 49, 331.09, 2),
(124, 21, 363.84, 4),
(124, 20, 19.88, 5),
(124, 75, 306.39, 2),
(125, 86, 398.38, 2),
(126, 50, 158.06, 4),
(126, 52, 109.31, 3),
(126, 65, 484.94, 5),
(126, 76, 240.99, 3),
(126, 13, 220.47, 2),
(127, 82, 454.76, 5),
(127, 46, 258.23, 4),
(127, 72, 18.43, 4),
(127, 47, 366.5, 3),
(128, 24, 204.7, 2),
(128, 68, 229.07, 4),
(128, 39, 285.95, 3),
(128, 84, 172.89, 1),
(128, 14, 56.74, 2),
(129, 73, 132.48, 2),
(129, 86, 207.57, 4),
(130, 83, 211.81, 3),
(130, 40, 418.82, 1),
(130, 18, 167.51, 5),
(130, 74, 303.38, 1),
(130, 43, 141.39, 2),
(131, 73, 125.51, 4),
(131, 80, 357.35, 5),
(131, 74, 281.86, 1),
(131, 51, 461.4, 4),
(131, 94, 352.64, 4),
(132, 12, 264.77, 1),
(132, 31, 91.44, 4),
(133, 15, 443.9, 4),
(134, 91, 248.72, 5),
(134, 78, 214.89, 1),
(135, 26, 362.77, 3),
(135, 66, 266.02, 5),
(135, 48, 445.88, 5),
(136, 29, 266.39, 2),
(136, 48, 403.38, 3),
(137, 88, 468.74, 2),
(137, 43, 90.48, 4),
(137, 71, 14.81, 4),
(137, 70, 97.82, 4),
(137, 37, 42.85, 1),
(138, 100, 350.08, 5),
(138, 35, 234.71, 1),
(138, 36, 39.94, 4),
(139, 31, 442.84, 3),
(139, 19, 318.12, 2),
(139, 55, 144.54, 4),
(139, 92, 296.39, 3),
(139, 82, 189.96, 4),
(140, 82, 333.09, 1),
(140, 80, 300.39, 1),
(140, 93, 368.02, 3),
(141, 44, 60.14, 5),
(141, 83, 297.79, 4),
(142, 84, 145.85, 5),
(142, 86, 337.56, 4),
(142, 88, 112.56, 1),
(143, 38, 465.48, 5),
(143, 22, 81.78, 2),
(144, 11, 77.12, 4),
(144, 52, 218.45, 4),
(144, 20, 170.27, 5),
(144, 17, 382.4, 2),
(145, 61, 162.76, 5),
(145, 59, 165.32, 1),
(145, 60, 442.81, 2),
(145, 71, 478.13, 3),
(145, 56, 358.56, 4),
(146, 67, 68.92, 4),
(146, 73, 329.53, 2),
(146, 99, 22.39, 3),
(146, 43, 429.13, 3),
(146, 98, 366.96, 2),
(147, 82, 467.26, 1),
(147, 35, 105.96, 3),
(147, 59, 267.74, 1),
(147, 58, 297.23, 3),
(147, 33, 56.11, 3),
(148, 75, 143.78, 3),
(148, 12, 324.42, 4),
(148, 88, 31.52, 3),
(149, 91, 413.43, 4),
(149, 18, 498.64, 4),
(149, 84, 250.25, 4),
(150, 24, 448.19, 2),
(150, 15, 355.76, 2),
(150, 58, 436.75, 2),
(150, 14, 50.58, 1),
(150, 89, 37.46, 1),
(151, 23, 491.87, 2),
(151, 80, 331.0, 1),
(151, 46, 173.01, 3),
(152, 86, 263.01, 4),
(152, 57, 214.03, 1),
(153, 35, 414.27, 5),
(154, 45, 94.57, 1),
(154, 21, 145.01, 2),
(155, 63, 144.14, 3),
(155, 33, 67.68, 4),
(155, 92, 288.4, 1),
(155, 11, 287.43, 4),
(155, 50, 53.2, 1),
(156, 22, 165.58, 1),
(156, 34, 385.69, 1),
(157, 92, 235.57, 2),
(157, 58, 160.81, 2),
(158, 50, 195.86, 3),
(158, 17, 97.22, 2),
(159, 51, 442.95, 2),
(159, 63, 489.85, 3),
(159, 39, 351.8, 3),
(159, 35, 55.28, 3),
(159, 45, 293.56, 3),
(160, 68, 475.34, 5),
(160, 91, 198.98, 5),
(160, 98, 288.67, 4),
(160, 32, 179.99, 3),
(160, 15, 111.65, 5),
(161, 45, 116.94, 3),
(161, 22, 25.41, 1),
(161, 76, 263.34, 2),
(161, 37, 242.85, 4),
(161, 44, 297.54, 3),
(162, 59, 353.63, 3),
(162, 95, 435.97, 1),
(162, 86, 87.79, 4),
(162, 15, 174.01, 1),
(162, 52, 101.68, 3),
(163, 31, 101.22, 1),
(163, 70, 225.11, 5),
(163, 80, 233.66, 5),
(164, 62, 364.45, 5),
(164, 71, 175.56, 4),
(164, 42, 157.08, 2),
(164, 43, 383.95, 5),
(165, 64, 218.69, 3),
(166, 62, 91.53, 3),
(166, 86, 444.43, 5),
(166, 14, 107.25, 5),
(166, 31, 378.41, 2),
(166, 76, 335.07, 1),
(167, 50, 398.5, 2),
(168, 69, 235.69, 2),
(168, 61, 108.2, 2),
(168, 32, 157.63, 1),
(169, 41, 223.91, 2),
(169, 37, 85.53, 5),
(170, 11, 178.91, 4),
(170, 72, 279.42, 4),
(170, 31, 352.4, 4),
(171, 70, 72.97, 2),
(171, 42, 205.94, 3),
(171, 23, 450.03, 4),
(171, 60, 302.5, 5),
(172, 55, 249.27, 5),
(173, 39, 443.94, 2),
(174, 58, 176.53, 1),
(174, 57, 309.18, 4),
(175, 93, 122.74, 4),
(176, 16, 157.95, 1),
(176, 38, 176.4, 2),
(177, 30, 340.88, 4),
(177, 47, 27.07, 4),
(177, 50, 97.96, 4),
(177, 60, 344.35, 1),
(178, 21, 331.38, 4),
(178, 55, 403.74, 1),
(178, 98, 88.83, 2),
(178, 23, 291.59, 4),
(179, 12, 206.83, 1),
(179, 73, 158.45, 3),
(179, 94, 373.61, 1),
(179, 96, 305.78, 4),
(180, 58, 64.72, 2),
(180, 71, 490.56, 5),
(180, 53, 382.21, 1),
(180, 79, 83.69, 3),
(180, 57, 474.62, 5),
(181, 36, 366.54, 4),
(181, 76, 223.1, 4),
(181, 89, 148.04, 1),
(182, 69, 346.33, 3),
(182, 57, 218.59, 3),
(182, 17, 385.75, 1),
(182, 87, 275.95, 2),
(183, 56, 228.92, 3),
(183, 64, 321.63, 5),
(183, 13, 64.72, 1),
(184, 61, 56.34, 2),
(184, 42, 320.13, 4),
(184, 33, 447.43, 3),
(184, 21, 486.21, 5),
(184, 79, 129.61, 5),
(185, 69, 28.76, 5),
(185, 16, 488.65, 1),
(185, 20, 197.14, 1),
(185, 52, 175.51, 3),
(185, 58, 217.04, 1),
(186, 43, 373.92, 1),
(186, 94, 420.06, 4),
(187, 35, 289.74, 3),
(188, 76, 193.38, 4),
(188, 80, 115.45, 4),
(188, 42, 144.65, 2),
(188, 99, 145.66, 1),
(188, 17, 306.27, 2),
(189, 45, 111.5, 4),
(189, 11, 332.03, 3),
(189, 63, 140.86, 5),
(190, 23, 357.41, 2),
(190, 39, 41.22, 3),
(190, 13, 366.8, 5),
(191, 86, 171.09, 4),
(191, 64, 243.05, 5),
(191, 92, 16.16, 3),
(191, 87, 166.62, 4),
(192, 70, 113.21, 2),
(192, 74, 339.76, 3),
(193, 15, 319.38, 5),
(193, 95, 492.62, 1),
(193, 84, 111.7, 5),
(193, 21, 190.9, 3),
(194, 68, 24.49, 5),
(194, 97, 296.62, 5),
(194, 70, 182.3, 4),
(195, 13, 494.94, 4),
(195, 47, 461.38, 2),
(195, 82, 195.43, 1),
(195, 73, 57.52, 2),
(196, 25, 151.78, 2),
(196, 84, 385.77, 4),
(197, 63, 146.65, 3),
(197, 56, 318.84, 3),
(197, 38, 256.13, 5),
(197, 64, 202.16, 4),
(197, 87, 252.47, 4),
(198, 68, 206.03, 1),
(198, 31, 271.01, 3),
(198, 33, 383.84, 2),
(199, 60, 294.28, 4),
(200, 63, 313.25, 2),
(200, 35, 308.76, 5),
(200, 92, 499.47, 5),
(200, 14, 289.59, 4),
(201, 52, 308.81, 2),
(202, 91, 21.13, 5),
(202, 71, 442.92, 4),
(202, 98, 280.51, 2),
(202, 22, 426.65, 2),
(202, 58, 234.31, 2),
(203, 71, 168.13, 3),
(203, 36, 41.76, 1),
(204, 84, 235.0, 5),
(204, 70, 227.39, 2),
(205, 70, 324.28, 5),
(205, 75, 420.56, 2),
(206, 70, 13.37, 1),
(206, 19, 344.19, 4),
(207, 71, 442.84, 5),
(207, 60, 69.28, 5),
(207, 20, 327.07, 5),
(207, 64, 360.23, 4),
(207, 44, 245.6, 1),
(208, 61, 205.72, 5),
(208, 16, 318.34, 4),
(208, 57, 220.01, 1),
(209, 29, 425.06, 5),
(210, 32, 189.57, 3);

-- Insert additional Reviews
INSERT INTO Reviews (ReviewID, UserID, OrderID, ProductID, Rating, ReviewText, ReviewDate) VALUES
(11, 20, 201, 99, 1.5, 'School as feel American arm star charge Mrs.', '2024-07-25'),
(12, 49, 85, 60, 2.0, 'Who with manage sit lot bar center.', '2024-08-07'),
(13, 25, 18, 38, 3.3, 'Market blue pass range.', '2025-04-13'),
(14, 20, 160, 12, 2.0, 'Lay no group church home people.', '2024-11-04'),
(15, 43, 201, 77, 2.6, 'Show open room sure.', '2024-08-01'),
(16, 50, 54, 55, 3.6, 'Exist medical want look organization despite sound.', '2025-01-08'),
(17, 48, 139, 51, 3.1, 'Toward Republican knowledge reduce month together usually attention.', '2025-02-21'),
(18, 35, 135, 93, 1.7, 'Fish person woman want above law.', '2025-01-29'),
(19, 44, 134, 33, 2.9, 'Reduce pull power painting affect field happy argue.', '2025-06-11'),
(20, 35, 14, 96, 4.8, 'Result set lawyer view responsibility military.', '2024-12-28'),
(21, 32, 68, 50, 1.8, 'Tend pressure art between little growth ahead.', '2025-04-22'),
(22, 20, 82, 88, 4.1, 'Development fish hand foot important learn response.', '2024-08-21'),
(23, 18, 177, 36, 2.4, 'Fall thus message picture scientist system coach.', '2025-01-26'),
(24, 40, 156, 92, 4.6, 'Lead season car history radio agree.', '2025-05-12'),
(25, 44, 69, 36, 2.5, 'Democrat feel sign not painting five energy.', '2024-10-26'),
(26, 13, 113, 91, 1.4, 'Radio hospital play food billion key.', '2024-11-23'),
(27, 32, 140, 19, 2.1, 'Scientist money even direction.', '2025-01-12'),
(28, 45, 200, 79, 4.5, 'Consumer television response family.', '2025-04-06'),
(29, 14, 125, 83, 3.1, 'Up government course drop see series.', '2025-04-14'),
(30, 26, 76, 34, 3.8, 'Customer part seem development him investment its.', '2025-01-08'),
(31, 26, 69, 99, 3.9, 'Including here until after force happy role.', '2024-09-24'),
(32, 22, 21, 88, 2.1, 'Everyone speech book.', '2024-07-30'),
(33, 28, 34, 35, 3.9, 'Style family significant safe.', '2025-06-02'),
(34, 15, 44, 77, 2.2, 'Anyone action series buy.', '2025-02-24'),
(35, 24, 69, 42, 3.3, 'Sell successful nothing spend door country.', '2025-04-04'),
(36, 48, 133, 70, 1.4, 'Begin statement light live green whose tree door.', '2025-05-20'),
(37, 14, 92, 92, 1.3, 'Cup really either from tell.', '2024-10-17'),
(38, 41, 40, 67, 1.3, 'Write present amount high section help commercial.', '2024-09-27'),
(39, 23, 36, 80, 3.4, 'Push view picture party daughter dinner thought.', '2025-01-04'),
(40, 49, 135, 49, 3.3, 'Cup boy seem section eye either ability by.', '2024-08-13'),
(41, 48, 121, 25, 3.9, 'Through chance affect base.', '2025-02-16'),
(42, 39, 210, 93, 1.8, 'Investment agree risk when.', '2025-02-23'),
(43, 50, 204, 69, 5.0, 'Let toward identify various see happy.', '2024-09-02'),
(44, 27, 204, 63, 3.4, 'Either make leg hear.', '2024-12-17'),
(45, 42, 172, 33, 2.3, 'Also along eight something administration nice let.', '2024-09-14'),
(46, 41, 142, 47, 4.8, 'School past program.', '2024-10-13'),
(47, 30, 78, 79, 2.0, 'My trouble social college pay age.', '2025-06-12'),
(48, 28, 184, 82, 3.0, 'Low face name opportunity check investment mind.', '2024-10-13'),
(49, 39, 39, 34, 3.0, 'Poor stage executive realize conference over five.', '2024-08-03'),
(50, 31, 141, 71, 3.0, 'Among half garden wind discussion.', '2025-06-10'),
(51, 22, 27, 66, 3.7, 'Her operation industry end return sometimes form perhaps.', '2024-10-05'),
(52, 17, 124, 54, 3.6, 'Cost task if attack market than whom return.', '2025-02-20'),
(53, 45, 57, 35, 4.1, 'Various beat statement sister learn major turn.', '2025-03-16'),
(54, 25, 65, 50, 3.0, 'Those win provide prepare he treatment far.', '2024-08-18'),
(55, 31, 207, 78, 2.9, 'Light cell goal field place science question we.', '2025-02-16'),
(56, 30, 167, 37, 3.3, 'Analysis difference indeed.', '2025-05-28'),
(57, 20, 93, 31, 1.8, 'Hear answer little purpose pay indeed.', '2025-05-09'),
(58, 36, 54, 31, 3.4, 'Foot suggest memory impact decade movie.', '2025-01-26'),
(59, 21, 94, 77, 4.9, 'Security water travel such cost leader condition but.', '2024-09-10'),
(60, 49, 117, 45, 1.9, 'Better none benefit sister almost foreign.', '2025-04-12'),
(61, 27, 131, 49, 2.5, 'Today light you instead receive activity sign car.', '2024-07-26'),
(62, 30, 96, 56, 4.3, 'Throw share now send kind ok player.', '2024-06-23'),
(63, 31, 126, 50, 2.7, 'Candidate seem performance finally them through agent.', '2025-04-13'),
(64, 36, 206, 64, 1.0, 'Today we major major.', '2025-03-08'),
(65, 36, 25, 63, 2.4, 'Care court image toward wear thought scientist.', '2024-11-22'),
(66, 19, 127, 46, 1.1, 'Media age less moment.', '2024-10-15'),
(67, 23, 64, 95, 3.9, 'Enjoy special top woman.', '2024-11-02'),
(68, 29, 106, 14, 2.3, 'Force listen throughout.', '2024-08-09'),
(69, 35, 94, 82, 3.2, 'After item newspaper garden growth responsibility.', '2025-06-07'),
(70, 23, 66, 90, 3.0, 'Environmental own relate.', '2025-02-21'),
(71, 28, 38, 20, 2.0, 'Last professor issue dog race.', '2024-09-21'),
(72, 31, 196, 72, 4.8, 'Window at more yeah.', '2025-04-16'),
(73, 48, 131, 16, 4.1, 'Away language hear.', '2024-09-05'),
(74, 35, 187, 73, 2.0, 'Every test blood.', '2025-04-07'),
(75, 49, 161, 59, 1.2, 'Tough science one discuss lay campaign process.', '2025-04-09'),
(76, 14, 174, 54, 2.1, 'Individual catch beautiful woman agency word.', '2025-05-03'),
(77, 34, 123, 47, 1.4, 'Expect pay pass recently.', '2025-04-01'),
(78, 19, 202, 20, 2.3, 'Know thank doctor toward step.', '2025-01-02'),
(79, 37, 49, 30, 3.4, 'Exactly enjoy happen source fight top program.', '2024-09-15'),
(80, 47, 62, 82, 1.4, 'Foreign arm more bad fact.', '2024-08-13'),
(81, 26, 94, 84, 3.2, 'Say parent decide ready product.', '2024-07-17'),
(82, 27, 153, 78, 4.3, 'Almost important small and car task its.', '2024-11-13'),
(83, 12, 46, 19, 4.5, 'Tend author how building language wonder PM eye.', '2024-08-31'),
(84, 31, 103, 68, 4.0, 'Cover voice each with pass.', '2024-09-07'),
(85, 24, 58, 52, 2.9, 'These collection car agency right someone.', '2025-02-28'),
(86, 40, 103, 53, 1.8, 'Trip rule fight tough suggest put above herself.', '2024-06-23'),
(87, 27, 76, 88, 4.0, 'Cultural challenge idea man.', '2025-03-19'),
(88, 12, 46, 26, 3.6, 'East reality cup continue per environmental.', '2025-02-13'),
(89, 38, 112, 73, 4.2, 'Among Congress recent usually natural factor.', '2025-01-02'),
(90, 44, 26, 76, 2.5, 'Information investment them enjoy.', '2024-11-23'),
(91, 47, 122, 15, 4.8, 'Bar more light into.', '2024-09-14'),
(92, 31, 148, 73, 2.1, 'East reflect situation.', '2025-06-15'),
(93, 32, 173, 19, 3.9, 'Election source serious fly long above one build.', '2024-09-25'),
(94, 47, 34, 82, 4.1, 'Party single material reason character particularly audience those.', '2024-10-25'),
(95, 45, 51, 76, 4.4, 'Sister benefit popular foreign personal street.', '2025-03-23'),
(96, 16, 157, 70, 3.4, 'Real trip newspaper election third.', '2024-11-18'),
(97, 23, 203, 20, 4.1, 'Wind present soldier experience recognize try change.', '2024-07-23'),
(98, 38, 81, 70, 2.8, 'Theory worry whatever sister argue audience rather culture.', '2024-11-03'),
(99, 20, 177, 53, 1.3, 'Agency drive forward during surface more fear others.', '2025-06-07'),
(100, 47, 97, 69, 3.1, 'Who clear close activity happy price cause.', '2025-02-02');

